Gold / Silver (Precious Metals),Euro / British Pound (Major FX),Aussie / Kiwi Dollar (Commodity FX),ExxonMobil / Chevron (Energy Equities),S&P 500 / Dow Jones 30 (US Indices),PORTFOLIO_DIVERSIFIED
1.0,1.0,1.0,1.0,1.0,1.0
1.0,1.0,1.0,1.0,1.0,1.0
1.0,1.0,1.0,1.0,1.0,1.0
1.0,1.0,1.0,1.0,1.0,1.0
1.0,1.0,1.0,1.0,1.0,1.0
1.0,1.0,1.0,1.0,1.0,1.0
1.0,1.0,1.0,1.0,1.0,1.0
1.0,1.0,1.0,1.0,1.0,1.0
1.0,1.0,1.0,1.0,1.0,1.0
1.0,1.0,1.0,1.0,1.0,1.0
1.0,1.0,1.0,1.0,1.0,1.0
1.0,1.0,1.0,1.0,1.0,1.0
1.0,1.0,1.0,1.0,1.0,1.0
1.0,1.0,1.0,1.0,1.0,1.0
1.0,1.0,1.0,1.0,1.0,1.0
1.0,1.0,1.0,1.0,1.0,1.0
1.0,1.0,1.0,1.0,1.0,1.0
1.0,1.0,1.0,1.0,1.0,1.0
1.0,1.0,1.0,1.0,1.0,1.0
1.0,1.0,1.0,1.0,1.0,1.0
1.0,1.0,1.0,1.0,1.0,1.0
1.0,1.0,1.0,1.0,1.0,1.0
1.0,1.0,1.0,1.0,1.0,1.0
1.0,1.0,1.0,1.0,1.0,1.0
1.0,1.0,1.0,1.0,1.0,1.0
1.0,1.0,1.0,1.0,1.0,1.0
1.0,1.0,1.0,1.0,1.0,1.0
1.0,1.0,1.0,1.0,1.0,1.0
1.0,1.0,1.0,1.0,1.0,1.0
1.0,1.0,1.0,1.0,1.0,1.0
1.0,1.0,1.0,1.0,1.0,1.0
1.0,1.0,1.0,1.0,1.0,1.0
1.0,1.0,1.0,1.0,1.0,1.0
1.0,1.0,1.0,1.0,1.0,1.0
1.0,1.0,1.0,1.0,1.0,1.0
1.0,1.0,1.0,1.0,1.0,1.0
1.0,1.0,1.0,1.0,1.0,1.0
1.0,1.0,1.0,1.0,1.0,1.0
1.0,1.0,1.0,1.0,1.0,1.0
1.0,1.0,1.0,1.0,1.0,1.0
1.0,1.0,1.0,1.0,1.0,1.0
1.0,1.0,1.0,1.0,1.0,1.0
1.0,1.0,1.0,1.0,1.0,1.0
1.0,1.0,1.0,1.0,1.0,1.0
1.0,1.0,1.0,1.0,1.0,1.0
0.9999250056910058,1.0,1.0,1.0,1.0,0.9999850011382012
1.0001069375675855,1.0,1.0,1.0,1.0,1.0000213896966976
1.0004802282790664,1.0,1.0,1.0,1.0,1.0000960414528317
1.000535449807526,1.0,1.0,1.0,1.0,1.0001070815174835
1.0002875752117157,1.0,1.0,1.0,1.0,1.00005752782328
1.000390220296364,1.0,1.0,1.0,1.0,1.0000780521189205
1.0003821338916141,1.0,1.0,1.0,1.0,1.0000764353426372
1.000622429766384,1.0,1.0,1.0,1.0,1.0001244798315831
1.000774900692913,1.0,1.0,1.0,1.0,1.0001549588417569
1.0013257146995547,1.0,1.0,1.0,1.0,1.0002650534014348
1.0016237776420063,1.0,1.0,1.0,1.0,1.000324602844872
1.001599223093578,1.0,1.0,1.0,1.0,1.0003196983049734
1.0013032579315564,1.0,1.0,1.0,1.0,1.0002605808905913
1.0005337669926841,1.0,1.0,1.0,1.0,1.0001068429600675
1.000442598080693,1.0,1.0,1.0,1.0,1.0000886169579564
1.0004422257297256,1.0,1.0,1.0,1.0,1.0000885425141122
1.0007582897149778,1.0,1.0,1.0,1.0,1.00015173296374
1.0013172785830375,1.0,1.0,1.0,1.0,1.0002634629770395
1.0010919725289449,1.0,1.0,1.0,1.0,1.000218449189958
1.0006039422916795,1.0,1.0,1.0,1.0,1.000120928310664
1.000783732772742,1.0,1.0,1.0,1.0,1.0001568690490965
1.0006012583520714,1.0,1.0,1.0,1.0,1.0001203970243657
1.0002640238158578,1.0,1.0,1.0,1.0,1.0000529825302438
1.000660810698914,1.0,1.0,1.0,1.0,1.0001323231635928
0.9996806060972041,1.0,1.0,1.0,1.0,0.9999363857800154
0.9985514519597024,1.0,1.0,1.0,1.0,0.9997104971711226
0.9974160445257841,1.0,1.0,1.0,1.0,0.9994831521048215
0.9974029836870688,1.0,1.0,1.0,1.0,0.9994805345234582
0.9977318106232945,1.0,1.0,1.0,1.0,0.9995464368973953
0.9986371749534053,1.0,1.0,1.0,1.0,0.9997278390899728
0.9984219705058199,1.0,1.0,1.0,1.0,0.9996847511932384
0.9988897963968687,1.0,1.0,1.0,1.0,0.9997784347104908
0.9999975731621285,1.0,1.0,1.0,1.0,1.0000001871649407
0.9993626917457376,1.0,1.0,1.0,1.0,0.9998732105497453
1.000244812499877,1.0,1.0,1.0,1.0,1.0000497248258573
0.9999887917327149,1.0,1.0,1.0,1.0,0.9999985306592791
1.0012647441180116,1.0,1.0,1.0,1.0,1.0002537236216476
1.0004766113837182,1.0,1.0,1.0,1.0,1.000096256237159
0.9992840196341491,1.0,1.0,1.0,1.0,0.9998578285657086
0.99996555565088,1.0,1.0,1.0,1.0,0.9999942140393855
1.0000839367415264,1.0,1.0,1.0,1.0,1.0000178909360604
0.9992118998669702,1.0,1.0,1.0,1.0,0.9998434950790579
0.9995942164925503,1.0,1.0,1.0,1.0,0.9999200067361345
0.9989802953505514,1.0,1.0,1.0,1.0,0.9997971824895923
0.9988045253939224,1.0,1.0,1.0,1.0,0.9997619997521104
0.9983670165976744,1.0,1.0,1.0,1.0,0.9996744141118924
0.998218421947862,1.0,1.0,1.0,1.0,0.9996446562639224
0.9985081592118134,1.0,1.0,1.0,1.0,0.9997026865108627
0.999038160996621,1.0,1.0,1.0,1.0,0.9998088136773239
0.9985852106021342,1.0,1.0,1.0,1.0,0.9997181537177254
0.9992008286387885,1.0,1.0,1.0,1.0,0.9998414170147311
0.9996197927958383,1.0,1.0,1.0,1.0,0.999925263565786
0.9991156467727998,1.0,1.0,1.0,1.0,0.9998244035490886
0.9995816546851759,1.0,1.0,1.0,1.0,0.9999176712472866
0.9987834313893454,1.0,1.0,1.0,1.0,0.9997579729224202
0.9984045921399494,1.0,1.0,1.0,1.0,0.9996821311436849
0.998306747246718,1.0,1.0,1.0,1.0,0.9996625371249559
0.9985564719239141,1.0,1.0,1.0,1.0,0.9997125498900857
0.9982999114410954,1.0,1.0,1.0,1.0,0.9996611783869828
0.9977940276885696,1.0,1.0,1.0,1.0,0.9995598636733619
0.9983861039342059,1.0,1.0,1.0,1.0,0.9996784884866899
0.9983548861413057,1.0,1.0,1.0,1.0,0.9996722368459875
0.9984819007948096,1.0,1.0,1.0,1.0,0.9996976732964007
0.9987830541655635,1.0,1.0,1.0,1.0,0.9997579773086833
0.9990298478065235,1.0,1.0,1.0,1.0,0.9998073842164736
0.9993686419525519,1.0,1.0,1.0,1.0,0.9998751957817983
0.9987761077250317,1.0,1.0,1.0,1.0,0.9997566288682734
0.9987949877861064,1.0,1.0,1.0,1.0,0.9997604085874853
0.9987902653909637,1.0,1.0,1.0,1.0,0.999759463195537
0.9985909633789881,1.0,1.0,1.0,1.0,0.9997195641137355
0.9986509593250881,1.0,1.0,1.0,1.0,0.9997315768643578
0.9986983488851722,1.0,1.0,1.0,1.0,0.9997410650322079
0.9980702211446326,1.0,1.0,1.0,1.0,0.9996153083215847
0.9984067529492671,1.0,1.0,1.0,1.0,0.9996827188777806
0.9985960205787884,1.0,1.0,1.0,1.0,0.9997206207805706
0.9981702615505933,1.0,1.0,1.0,1.0,0.9996353730785572
0.9987000133379792,1.0,1.0,1.0,1.0,0.9997414789496739
0.9986812719462906,1.0,1.0,1.0,1.0,0.9997377267625518
0.9979720191158213,1.0,1.0,1.0,1.0,0.9995957261398604
0.9984157666131301,1.0,1.0,1.0,1.0,0.9996846200353401
0.997862677779512,1.0,1.0,1.0,1.0,0.9995738616881724
0.9979805314820388,1.0,1.0,1.0,1.0,0.9995974728489407
0.9977684463133129,1.0,1.0,1.0,1.0,0.9995549870905517
0.9988348339203355,1.0,1.0,1.0,1.0,0.9997686464931335
1.001222660178921,1.0,1.0,1.0,1.0,1.0002466582215064
0.9988915461597138,1.0,1.0,1.0,1.0,0.999780889896361
1.0003600917689135,1.0,1.0,1.0,1.0,1.0000748605164276
1.0000879579109074,1.0,1.0,1.0,1.0,1.0000204492634546
1.0004700822794443,1.0,1.0,1.0,1.0,1.0000968689782759
0.9998437028388337,1.0,1.0,1.0,1.0,0.9999716398228132
1.0038679873401195,1.0,1.0,1.0,1.0,1.0007765997101314
1.0038679873401195,1.0,1.0,1.0,1.0,1.0007765997101314
1.0038679873401195,1.0,1.0,1.0,1.0,1.0007765997101314
1.0038679873401195,1.0,1.0,1.0,1.0,1.0007765997101314
1.0038679873401195,1.0,1.0,1.0,1.0,1.0007765997101314
1.0038679873401195,1.0,1.0,1.0,1.0,1.0007765997101314
1.0038679873401195,1.0,1.0,1.0,1.0,1.0007765997101314
1.0038679873401195,1.0,1.0,1.0,1.0,1.0007765997101314
1.0038679873401195,1.0,1.0,1.0,1.0,1.0007765997101314
1.0038679873401195,1.0,1.0,1.0,1.0,1.0007765997101314
1.0038679873401195,1.0,1.0,1.0,1.0,1.0007765997101314
1.0038679873401195,1.0,1.0,1.0,1.0,1.0007765997101314
1.0038679873401195,1.0,1.0,1.0,1.0,1.0007765997101314
1.0038679873401195,1.0,1.0,1.0,1.0,1.0007765997101314
1.0038679873401195,1.0,1.0,1.0,1.0,1.0007765997101314
1.0038679873401195,1.0,1.0,1.0,1.0,1.0007765997101314
1.0038679873401195,1.0,1.0,1.0,1.0,1.0007765997101314
1.0038679873401195,1.0,1.0,1.0,1.0,1.0007765997101314
1.0038679873401195,1.0,1.0,1.0,1.0,1.0007765997101314
1.0038679873401195,1.0,1.0,1.0,1.0,1.0007765997101314
1.0038679873401195,1.0,1.0,1.0,1.0,1.0007765997101314
1.0038679873401195,1.0,1.0,1.0,1.0,1.0007765997101314
1.0038679873401195,1.0,1.0,1.0,1.0,1.0007765997101314
1.0038679873401195,1.0,1.0,1.0,1.0,1.0007765997101314
1.0038679873401195,1.0,1.0,1.0,1.0,1.0007765997101314
1.0038679873401195,1.0,1.0,1.0,1.0,1.0007765997101314
1.0038679873401195,1.0,1.0,1.0,1.0,1.0007765997101314
1.0038679873401195,1.0,1.0,1.0,1.0,1.0007765997101314
1.0038679873401195,1.0,1.0,1.0,1.0,1.0007765997101314
1.0038679873401195,1.0,1.0,1.0,1.0,1.0007765997101314
1.0038679873401195,1.0,1.0,1.0,1.0,1.0007765997101314
1.0038679873401195,1.0,1.0,1.0,1.0,1.0007765997101314
1.0038679873401195,1.0,1.0,1.0,1.0,1.0007765997101314
1.0038679873401195,1.0,1.0,1.0,1.0,1.0007765997101314
1.0038679873401195,1.0,1.0,1.0,1.0,1.0007765997101314
1.0038679873401195,1.0,1.0,1.0,1.0,1.0007765997101314
1.0038679873401195,1.0,1.0,1.0,1.0,1.0007765997101314
1.0038679873401195,1.0,1.0,1.0,1.0,1.0007765997101314
1.0038679873401195,1.0,1.0,1.0,1.0,1.0007765997101314
1.0038679873401195,1.0,1.0,1.0,1.0,1.0007765997101314
1.0038679873401195,1.0,1.0,1.0,1.0,1.0007765997101314
1.0038679873401195,1.0,1.0,1.0,1.0,1.0007765997101314
1.0038679873401195,1.0,1.0,1.0,1.0,1.0007765997101314
1.0038679873401195,1.0,1.0,1.0,1.0,1.0007765997101314
1.0038679873401195,1.0,1.0,1.0,1.0,1.0007765997101314
1.0038679873401195,1.0,1.0,1.0,1.0,1.0007765997101314
1.0038679873401195,1.0,1.0,1.0,1.0,1.0007765997101314
1.0038679873401195,1.0,1.0,1.0,1.0,1.0007765997101314
1.0038679873401195,1.0,1.0,1.0,1.0,1.0007765997101314
1.0038679873401195,1.0,1.0,1.0,1.0,1.0007765997101314
1.0038679873401195,1.0,1.0,1.0,1.0,1.0007765997101314
1.0038679873401195,1.0,1.0,1.0,1.0,1.0007765997101314
1.0038679873401195,1.0,1.0,1.0,1.0,1.0007765997101314
1.0038679873401195,1.0,1.0,1.0,1.0,1.0007765997101314
1.0038679873401195,1.0,1.0,1.0,1.0,1.0007765997101314
1.0038679873401195,1.0,1.0,1.0,1.0,1.0007765997101314
1.0038679873401195,1.0,1.0,1.0,1.0,1.0007765997101314
1.0038679873401195,1.0,1.0,1.0,1.0,1.0007765997101314
1.0038679873401195,1.0,1.0,1.0,1.0,1.0007765997101314
1.0038679873401195,1.0,1.0,1.0,1.0,1.0007765997101314
1.0038679873401195,1.0,1.0,1.0,1.0,1.0007765997101314
1.0038679873401195,1.0,1.0,1.0,1.0,1.0007765997101314
1.0038679873401195,1.0,1.0,1.0,1.0,1.0007765997101314
1.0038679873401195,1.0,1.0,1.0,1.0,1.0007765997101314
1.0038679873401195,0.9999086747203422,1.0,1.0,1.0,1.0007583204695627
1.0038679873401195,1.0001361284629768,1.0,1.0,1.0,1.0008038498726408
1.0038679873401195,1.000347015872127,1.0,1.0,1.0,1.0008460555134453
1.0038679873401195,1.0004130233285549,1.0,1.0,1.0,1.000859263590513
1.0038679873401195,1.000541171867877,1.0,1.0,1.0,1.0008849047306632
1.0038679873401195,1.0006852332666707,1.0,1.0,1.0,1.0009137269087924
1.0038679873401195,1.0006607021576552,1.0,1.0,1.0,1.0009088195667166
1.0038679873401195,1.0006081655442352,1.0,1.0,1.0,1.0008983096387043
1.0038679873401195,1.0004133637544521,1.0,1.0,1.0,1.0008593379835005
1.0038679873401195,1.0002187752673986,1.0,1.0,1.0,1.0008204029369712
1.0038679873401195,1.0000799463342553,1.0,1.0,1.0,1.0007926204493307
1.0038679873401195,1.0001633974072,1.0,1.0,1.0,1.0008093225576526
1.0038679873401195,1.0003732987687202,1.0,1.0,1.0,1.0008513299416404
1.0038679873401195,1.0003723521736123,1.0,1.0,1.0,1.000851140532152
1.0038679873401195,1.0003296082363289,1.0,1.0,1.0,1.000842587653159
1.0038679873401195,1.0002380218459814,1.0,1.0,1.0,1.000824260981799
1.0038679873401195,1.000348966441466,1.0,1.0,1.0,1.0008464629058134
1.0038679873401195,1.0004326515133113,1.0,1.0,1.0,1.000863208243883
1.0038679873401195,1.0005602615864677,1.0,1.0,1.0,1.0008887412424374
1.0038679873401195,1.0005882884374204,1.0,1.0,1.0,1.000894348452847
1.0038679873401195,1.0007651670322522,1.0,1.0,1.0,1.0009297349925406
1.0038679873401195,1.0008429752826662,1.0,1.0,1.0,1.0009452992016143
1.0038679873401195,1.0007429079985883,1.0,1.0,1.0,1.0009252836986682
1.0038679873401195,1.000745886880128,1.0,1.0,1.0,1.0009258795835507
1.0038679873401195,1.000756435771748,1.0,1.0,1.0,1.0009279897413366
1.0038679873401195,1.0007747997655974,1.0,1.0,1.0,1.0009316631697136
1.0038679873401195,1.000887256336268,1.0,1.0,1.0,1.0009541580091803
1.0038679873401195,1.000822772649058,1.0,1.0,1.0,1.00094126040969
1.0038679873401195,1.0008865708903845,1.0,1.0,1.0,1.0009540215685746
1.0038679873401195,1.0009232841556812,1.0,1.0,1.0,1.0009613647164621
1.0038679873401195,1.0010015417042022,1.0,1.0,1.0,1.0009770168216348
1.0038679873401195,1.0009694179345767,1.0,1.0,1.0,1.0009705922251184
1.0038679873401195,1.000932240339701,1.0,1.0,1.0,1.0009631566974202
1.0038679873401195,1.000831482473342,1.0,1.0,1.0,1.0009430045017154
1.0038679873401195,1.000816797298218,1.0,1.0,1.0,1.0009400671394186
1.0038679873401195,1.0007215599476884,1.0,1.0,1.0,1.0009210173232503
1.0038679873401195,1.0006745108574786,1.0,1.0,1.0,1.000911605629704
1.0038679873401195,1.0007383341503984,1.0,1.0,1.0,1.0009243733126818
1.0038679873401195,1.0009538090354517,1.0,1.0,1.0,1.0009674763011307
1.0038679873401195,1.0010153328120672,1.0,1.0,1.0,1.0009797812244658
1.0038679873401195,1.0010618958512005,1.0,1.0,1.0,1.0009890935015502
1.0038679873401195,1.0011628961532288,1.0,1.0,1.0,1.001009292092904
1.0038679873401195,1.0012084013135538,1.0,1.0,1.0,1.001018391728637
1.0038679873401195,1.001138592991895,1.0,1.0,1.0,1.0010044327139536
1.0038679873401195,1.0011709643576177,1.0,1.0,1.0,1.0010109061194956
1.0038679873401195,1.001150985405827,1.0,1.0,1.0,1.0010069109679487
1.0038679873401195,1.001195504335146,1.0,1.0,1.0,1.0010158134724794
1.0038679873401195,1.001232186475758,1.0,1.0,1.0,1.001023148583887
1.0038679873401195,1.0011333023444602,1.0,1.0,1.0,1.0010033758866457
1.0038679873401195,1.0011186277655637,1.0,1.0,1.0,1.001000441351758
1.0038679873401195,1.0011018301972665,1.0,1.0,1.0,1.0009970822347036
1.0038679873401195,1.0010441909510395,1.0,1.0,1.0,1.0009855555916478
1.0038679873401195,1.0010331857626338,1.0,1.0,1.0,1.0009833546828908
1.0038679873401195,1.0010182686415228,1.0,1.0,1.0,1.0009803714071823
1.0038679873401195,1.0010577247263097,1.0,1.0,1.0,1.0009882623253887
1.0038679873401195,1.001104757231148,1.0,1.0,1.0,1.0009976681736485
1.0038679873401195,1.0010882068867977,1.0,1.0,1.0,1.0009943584588594
1.0038679873401195,1.001019577617843,1.0,1.0,1.0,1.0009806338918181
1.0038679873401195,1.0010384021757153,1.0,1.0,1.0,1.0009843986569222
1.0038679873401195,1.0010195761066718,1.0,1.0,1.0,1.0009806336462375
1.0038679873401195,1.0009819269909839,1.0,1.0,1.0,1.000973104116031
1.0038679873401195,1.001094371434871,1.0,1.0,1.0,1.0009955928065866
1.0038679873401195,1.0010911977898043,1.0,1.0,1.0,1.0009949581402025
1.0038679873401195,1.001249581197876,1.0,1.0,1.0,1.001026631776587
1.0038679873401195,1.0011853437605243,1.0,1.0,1.0,1.0010137871498819
1.0038679873401195,1.001178898540434,1.0,1.0,1.0,1.001012498326746
1.0038679873401195,1.0011194655155107,1.0,1.0,1.0,1.001000613697366
1.0038679873401195,1.0011449003538346,1.0,1.0,1.0,1.0010057000611114
1.0038679873401195,1.0010813101558578,1.0,1.0,1.0,1.0009929837898464
1.0038679873401195,1.001136169453415,1.0,1.0,1.0,1.0010039546813
1.0038679873401195,1.0011423648490003,1.0,1.0,1.0,1.0010051935967785
1.0038679873401195,1.0012127940057338,1.0,1.0,1.0,1.0010192774981588
1.0038679873401195,1.0012727196584912,1.0,1.0,1.0,1.0010312603121991
1.0038679873401195,1.0014331750464824,1.0,1.0,1.0,1.0010633436509562
1.0038679873401195,1.0010862794864526,1.0,1.0,1.0,1.0009939901608034
1.0038679873401195,1.0008841219324411,1.0,1.0,1.0,1.000953562377349
1.0038679873401195,1.000861396578699,1.0,1.0,1.0,1.0009490169912676
1.0038679873401195,1.0008937490318055,1.0,1.0,1.0,1.000955488048348
1.0038679873401195,1.000997914859675,1.0,1.0,1.0,1.0009763224989927
1.0038679873401195,1.0011750994520916,1.0,1.0,1.0,1.001011758653072
1.0038679873401195,1.0014054984182101,1.0,1.0,1.0,1.0010578309284197
1.0038679873401195,1.0014114333404802,1.0,1.0,1.0,1.001059017500777
1.0038679873401195,1.0012548900658174,1.0,1.0,1.0,1.001027719863959
1.0038679873401195,1.0013914363941554,1.0,1.0,1.0,1.0010550229335506
1.0038679873401195,1.0012002574127221,1.0,1.0,1.0,1.0010167999824273
1.0038679873401195,1.0010490479538,1.0,1.0,1.0,1.0009865636320914
1.0038679873401195,1.0012817696135257,1.0,1.0,1.0,1.0010331050587933
1.0038679873401195,1.0013124969214615,1.0,1.0,1.0,1.0010392489941784
1.0038679873401195,1.0013213227145557,1.0,1.0,1.0,1.0010410136711034
1.0038679873401195,1.0013213227145557,1.0,1.0,1.0,1.0010410136711034
1.0038679873401195,1.0013213227145557,1.0,1.0,1.0,1.0010410136711034
1.0038679873401195,1.0013213227145557,1.0,1.0,1.0,1.0010410136711034
1.0038679873401195,1.0013213227145557,1.0,1.0,1.0,1.0010410136711034
1.0038679873401195,1.0013213227145557,1.0,1.0,1.0,1.0010410136711034
1.0038679873401195,1.0013213227145557,1.0,1.0,1.0,1.0010410136711034
1.0038679873401195,1.0013213227145557,1.0,1.0,1.0,1.0010410136711034
1.0038679873401195,1.0013213227145557,1.0,1.0,1.0,1.0010410136711034
1.0038679873401195,1.0013213227145557,1.0,1.0,1.0,1.0010410136711034
1.0038679873401195,1.0013213227145557,1.0,1.0,1.0,1.0010410136711034
1.0038679873401195,1.0013213227145557,1.0,1.0,1.0,1.0010410136711034
1.0038679873401195,1.0013213227145557,1.0,1.0,1.0,1.0010410136711034
1.0038679873401195,1.0013213227145557,1.0,1.0,1.0,1.0010410136711034
1.0038679873401195,1.0013213227145557,1.0,1.0,1.0,1.0010410136711034
1.0038679873401195,1.0013213227145557,1.0,1.0,1.0,1.0010410136711034
1.0038679873401195,1.0013213227145557,1.0,1.0,1.0,1.0010410136711034
1.0038679873401195,1.0013213227145557,1.0,1.0,1.0,1.0010410136711034
1.0038679873401195,1.0013213227145557,1.0,1.0,1.0,1.0010410136711034
1.0038679873401195,1.0013213227145557,1.0,1.0,1.0,1.0010410136711034
1.0038679873401195,1.0013213227145557,1.0,1.0,1.0,1.0010410136711034
1.0038679873401195,1.0013213227145557,1.0,1.0,1.0,1.0010410136711034
1.0038679873401195,1.0013213227145557,1.0,1.0,1.0,1.0010410136711034
1.0038679873401195,1.0013213227145557,1.0,1.0,1.0,1.0010410136711034
1.0038679873401195,1.0013213227145557,1.0,1.0,1.0,1.0010410136711034
1.0038679873401195,1.0013213227145557,1.0,1.0,1.0,1.0010410136711034
1.0038679873401195,1.0013213227145557,1.0,1.0,1.0,1.0010410136711034
1.0038679873401195,1.0013213227145557,1.0,1.0,1.0,1.0010410136711034
1.0038679873401195,1.0013213227145557,1.0,1.0,1.0,1.0010410136711034
1.0038679873401195,1.0013213227145557,1.0,1.0,1.0,1.0010410136711034
1.0038679873401195,1.0013213227145557,1.0,1.0,1.0,1.0010410136711034
1.0038679873401195,1.0013213227145557,1.0,1.0,1.0,1.0010410136711034
1.0038679873401195,1.0013213227145557,1.0,1.0,1.0,1.0010410136711034
1.0038679873401195,1.0013213227145557,1.0,1.0,1.0,1.0010410136711034
1.0038679873401195,1.0013213227145557,1.0,1.0,1.0,1.0010410136711034
1.0038679873401195,1.0013213227145557,1.0,1.0,1.0,1.0010410136711034
1.0038679873401195,1.0013213227145557,1.0,1.0,1.0,1.0010410136711034
1.0038679873401195,1.0013213227145557,1.0,1.0,1.0,1.0010410136711034
1.0038679873401195,1.0013213227145557,1.0,1.0,1.0,1.0010410136711034
1.0038679873401195,1.0013213227145557,1.0,1.0,1.0,1.0010410136711034
1.0038679873401195,1.0013213227145557,1.0,1.0,1.0,1.0010410136711034
1.0038679873401195,1.0013213227145557,1.0,1.0,1.0,1.0010410136711034
1.0038679873401195,1.0013213227145557,1.0,1.0,1.0,1.0010410136711034
1.0038679873401195,1.0013213227145557,1.0,1.0,1.0,1.0010410136711034
1.0038679873401195,1.0013213227145557,1.0,1.0,1.0,1.0010410136711034
1.0038679873401195,1.0013213227145557,1.0,1.0,1.0,1.0010410136711034
1.0038679873401195,1.0013213227145557,1.0,1.0,1.0,1.0010410136711034
1.0038679873401195,1.0013213227145557,1.0,1.0,1.0,1.0010410136711034
1.0038679873401195,1.0013213227145557,1.0,1.0,1.0,1.0010410136711034
1.0038679873401195,1.0013213227145557,1.0,1.0,1.0,1.0010410136711034
1.0038679873401195,1.0013213227145557,1.0,1.0,1.0,1.0010410136711034
1.0038679873401195,1.0013213227145557,1.0,1.0,1.0,1.0010410136711034
1.0038679873401195,1.0013213227145557,1.0,1.0,1.0,1.0010410136711034
1.0038679873401195,1.0013213227145557,1.0,1.0,1.0,1.0010410136711034
1.0038679873401195,1.0013213227145557,1.0,1.0,1.0,1.0010410136711034
1.0038679873401195,1.0013213227145557,1.0,1.0,1.0,1.0010410136711034
1.0038679873401195,1.0013213227145557,1.0,1.0,1.0,1.0010410136711034
1.0038679873401195,1.0013213227145557,1.0,1.0,1.0,1.0010410136711034
1.0038679873401195,1.0013213227145557,1.0,1.0,1.0,1.0010410136711034
1.0038679873401195,1.0013213227145557,1.0,1.0,1.0,1.0010410136711034
1.0038679873401195,1.0013213227145557,1.0,1.0,1.0,1.0010410136711034
1.0038679873401195,1.0013213227145557,1.0,1.0,1.0,1.0010410136711034
1.0038679873401195,1.0013213227145557,1.0,1.0,1.0,1.0010410136711034
1.0038679873401195,1.0013213227145557,1.0,1.0,1.0,1.0010410136711034
1.0038679873401195,1.0013213227145557,1.0,1.0,1.0,1.0010410136711034
1.0038679873401195,1.0013213227145557,1.0,1.0,1.0,1.0010410136711034
1.0038679873401195,1.0013213227145557,1.0,1.0,1.0,1.0010410136711034
1.0038679873401195,1.0013213227145557,1.0,1.0,1.0,1.0010410136711034
1.0038679873401195,1.0013213227145557,1.0,1.0,1.0,1.0010410136711034
1.0038679873401195,1.0013213227145557,1.0,1.0,1.0,1.0010410136711034
1.0038679873401195,1.0013213227145557,1.0,1.0,1.0,1.0010410136711034
1.0038679873401195,1.0013213227145557,1.0,1.0,1.0,1.0010410136711034
1.0038679873401195,1.0013213227145557,1.0,1.0,1.0,1.0010410136711034
1.0038679873401195,1.0013213227145557,1.0,1.0,1.0,1.0010410136711034
1.0038679873401195,1.0013213227145557,1.0,1.0,1.0,1.0010410136711034
1.0038679873401195,1.0013213227145557,1.0,1.0,1.0,1.0010410136711034
1.0038679873401195,1.0013213227145557,1.0,1.0,1.0,1.0010410136711034
1.0038679873401195,1.0013213227145557,1.0,1.0,1.0,1.0010410136711034
1.0038679873401195,1.0013213227145557,1.0,1.0,1.0,1.0010410136711034
1.0038679873401195,1.0013213227145557,1.0,1.0,1.0,1.0010410136711034
1.0038679873401195,1.0013213227145557,1.0,1.0,1.0,1.0010410136711034
1.0038679873401195,1.0013213227145557,0.9999177618723023,1.0,1.0,1.001024548923361
1.0038679873401195,1.0013213227145557,1.000004694780664,1.0,1.0,1.0010419547498595
1.0038679873401195,1.0013213227145557,0.9998980136114113,1.0,1.0,1.0010205963848915
1.0038679873401195,1.0013213227145557,0.9998244774103381,1.0,1.0,1.0010058726328983
1.0038679873401195,1.0013213227145557,0.9999313207569557,1.0,1.0,1.0010272665514974
1.0038679873401195,1.0013213227145557,1.0000879358286359,1.0,1.0,1.0010586238965171
1.0038679873401195,1.0013213227145557,1.0001721525780845,1.0,1.0,1.0010754835946079
1.0038679873401195,1.0013213227145557,1.0001547283151027,1.0,1.0,1.001071995594578
1.0038679873401195,1.0013213227145557,1.0001635363745054,1.0,1.0,1.0010737588220775
1.0038679873401195,1.0013213227145557,1.0001635363745054,1.0,1.0,1.0010737588220775
1.0038679873401195,1.0013213227145557,1.0003599322557353,1.0,1.0,1.0011130737452654
1.0038679873401195,1.0013213227145557,1.0003659296518388,1.0,1.0,1.0011142741275385
1.0038679873401195,1.0013213227145557,1.0002335518050407,1.0,1.0,1.0010877787525803
1.0038679873401195,1.0013213227145557,1.0000988392868044,1.0,1.0,1.0010608132392944
1.0038679873401195,1.0013213227145557,0.999877168702414,1.0,1.0,1.0010164364783656
1.0038679873401195,1.0013213227145557,0.9998934606628478,1.0,1.0,1.0010196985830895
1.0038679873401195,1.0013213227145557,0.9998899884975124,1.0,1.0,1.001019003367842
1.0038679873401195,1.0013213227145557,0.9998508307750139,1.0,1.0,1.0010111629804395
1.0038679873401195,1.0013213227145557,1.0000534122596016,1.0,1.0,1.001051726296735
1.0038679873401195,1.0013213227145557,1.000002972713068,1.0,1.0,1.0010416283170647
1.0038679873401195,1.0013213227145557,0.999882693752524,1.0,1.0,1.0010175475393468
1.0038679873401195,1.0013213227145557,0.999815479310754,1.0,1.0,1.0010040893934902
1.0038679873401195,1.0013213227145557,0.9997008227882818,1.0,1.0,1.0009811308275856
1.0038679873401195,1.0013213227145557,0.99972504700282,1.0,1.0,1.0009859818752407
1.0038679873401195,1.0013213227145557,0.9994727048469456,1.0,1.0,1.000935449789159
1.0038679873401195,1.0013213227145557,0.9993060318441549,1.0,1.0,1.0009020664028578
1.0038679873401195,1.0013213227145557,0.9995386602900798,1.0,1.0,1.000948666400218
1.0038679873401195,1.0013213227145557,0.9991327489393528,1.0,1.0,1.000867369609743
1.0038679873401195,1.0013213227145557,0.9992036035647748,1.0,1.0,1.0008815651373435
1.0038679873401195,1.0013213227145557,0.9993436098286409,1.0,1.0,1.0009096134125912
1.0038679873401195,1.0013213227145557,0.9993498160836398,1.0,1.0,1.0009108566086713
1.0038679873401195,1.0013213227145557,0.9993381021435523,1.0,1.0,1.0009085101610873
1.0038679873401195,1.0013213227145557,0.9995492125356934,1.0,1.0,1.0009507985893227
1.0038679873401195,1.0013213227145557,0.9994252669637329,1.0,1.0,1.0009259747151844
1.0038679873401195,1.0013213227145557,0.9992681734498513,1.0,1.0,1.000894508835003
1.0038679873401195,1.0013213227145557,0.9992488602895692,1.0,1.0,1.0008906399164106
1.0038679873401195,1.0013213227145557,0.9993550757841052,1.0,1.0,1.0009119179180215
1.0038679873401195,1.0013213227145557,0.9992915855700749,1.0,1.0,1.0008992000936097
1.0038679873401195,1.0013213227145557,0.9994497035949529,1.0,1.0,1.0009308745731922
1.0038679873401195,1.0013213227145557,0.9993989334566127,1.0,1.0,1.000920705497392
1.0038679873401195,1.0013213227145557,0.9990226533598063,1.0,1.0,1.0008453348866475
1.0038679873401195,1.0013213227145557,0.9990387206092362,1.0,1.0,1.0008485541993593
1.0038679873401195,1.0013213227145557,0.9990862836873877,1.0,1.0,1.0008580840478065
1.0038679873401195,1.0013213227145557,0.9991421222338317,1.0,1.0,1.000869271562143
1.0038679873401195,1.0013213227145557,0.9994282977304988,1.0,1.0,1.0009266055999169
1.0038679873401195,1.0013213227145557,0.9993016007927543,1.0,1.0,1.0009012282244465
1.0038679873401195,1.0013213227145557,0.9992767652149127,1.0,1.0,1.000896253157791
1.0038679873401195,1.0013213227145557,0.9990217879832395,1.0,1.0,1.0008451750651732
1.0038679873401195,1.0013213227145557,0.9992322772057146,1.0,1.0,1.000887349745496
1.0038679873401195,1.0013213227145557,0.9994517854446936,1.0,1.0,1.0009313241095292
1.0038679873401195,1.0013213227145557,0.99951320541669,1.0,1.0,1.0009436262885423
1.0038679873401195,1.0013213227145557,0.999397182176258,1.0,1.0,1.0009203884318771
1.0038679873401195,1.0013213227145557,0.9993438291407121,1.0,1.0,1.0009097015614286
1.0038679873401195,1.0013213227145557,0.9991299843141997,1.0,1.0,1.0008668655814097
1.0038679873401195,1.0013213227145557,0.9990651374501447,1.0,1.0,1.0008538736627226
1.0038679873401195,1.0013213227145557,0.9989897620245056,1.0,1.0,1.0008387715870117
1.0038679873401195,1.0013213227145557,0.9989189146117,1.0,1.0,1.0008245758784473
1.0038679873401195,1.0013213227145557,0.9989532362543402,1.0,1.0,1.0008314533022173
1.0038679873401195,1.0013213227145557,0.9988405803433529,1.0,1.0,1.0008088797572254
1.0038679873401195,1.0013213227145557,0.998939750995578,1.0,1.0,1.0008287529724935
1.0038679873401195,1.0013213227145557,0.9989329947375066,1.0,1.0,1.000827399165653
1.0038679873401195,1.0013213227145557,0.9988483561061873,1.0,1.0,1.0008104393371764
1.0038679873401195,1.0013213227145557,0.9989668133188633,1.0,1.0,1.000834177317889
1.0038679873401195,1.0013213227145557,0.9988824331764742,1.0,1.0,1.00081726974313
1.0038679873401195,1.0013213227145557,0.9988576700638246,1.0,1.0,1.0008123075273638
1.0038679873401195,1.0013213227145557,0.9987925671547397,1.0,1.0,1.0007992614659238
1.0038679873401195,1.0013213227145557,0.9988381724647625,1.0,1.0,1.000808400853238
1.0038679873401195,1.0013213227145557,0.9989162465000735,1.0,1.0,1.0008240464608213
1.0038679873401195,1.0013213227145557,0.9987384590464572,1.0,1.0,1.0007884210599207
1.0038679873401195,1.0013213227145557,0.9988159647456196,1.0,1.0,1.0008039540166394
1.0038679873401195,1.0013213227145557,0.9988445685582737,1.0,1.0,1.0008096861654665
1.0038679873401195,1.0013213227145557,0.998775550804531,1.0,1.0,1.0007958554577394
1.0038679873401195,1.0013213227145557,0.9987848804383462,1.0,1.0,1.0007977251588644
1.0038679873401195,1.0013213227145557,0.9987018464942526,1.0,1.0,1.0007810849024914
1.0038679873401195,1.0013213227145557,0.9987260699952758,1.0,1.0,1.0007859396890764
1.0038679873401195,1.0013213227145557,0.9986499725346539,1.0,1.0,1.0007706888067927
1.0038679873401195,1.0013213227145557,0.9985134288599199,1.0,1.0,1.000743322079476
1.0038679873401195,1.0013213227145557,0.9984430631843799,1.0,1.0,1.000729217516059
1.0038679873401195,1.0013213227145557,0.9982325673387471,1.0,1.0,1.000687021951653
1.0038679873401195,1.0013213227145557,0.9984987178646857,1.0,1.0,1.0007403829390433
1.0038679873401195,1.0013213227145557,0.9986294462681593,1.0,1.0,1.0007665873177196
1.0038679873401195,1.0013213227145557,0.9984602923181543,1.0,1.0,1.0007326841273199
1.0038679873401195,1.0013213227145557,0.9984441563209396,1.0,1.0,1.0007294495831065
1.0038679873401195,1.0013213227145557,0.9985050893937519,0.9998754404812678,1.0,1.0007167340153307
1.0038679873401195,1.0013213227145557,0.998714520697007,0.9999258466380221,1.0,1.0007688027658792
1.0038679873401195,1.0013213227145557,0.9988190294623717,1.0000128156462746,1.0,1.0008071559772653
1.0038679873401195,1.0013213227145557,0.9989749191515886,0.9984867541293968,1.0,1.0005329412313728
1.0038679873401195,1.0013213227145557,0.9992343389290246,0.9999549379343778,1.0,1.0008791446134964
1.0038679873401195,1.0013213227145557,0.9992511351746144,0.9979689415227165,1.0,1.0004849429990554
1.0038679873401195,1.0013213227145557,0.9994923449883999,0.9973577894195153,1.0,1.0004107059492848
1.0038679873401195,1.0013213227145557,0.9996308690473652,0.9981058569672578,1.0,1.00058850769417
1.0038679873401195,1.0013213227145557,0.9996491572187122,0.99911672644028,1.0,1.0007948456067217
1.0038679873401195,1.0013213227145557,0.9995673989978935,0.9988639277066055,1.0,1.0007278305550715
1.0038679873401195,1.0013213227145557,0.9995471067610521,0.999472857012103,1.0,1.0008457805124058
1.0038679873401195,1.0013213227145557,0.9996650099463233,0.999417898681525,1.0,1.0008583850220985
1.0038679873401195,1.0013213227145557,0.9997864314371405,0.9986050761302196,1.0,1.0007198994916406
1.0038679873401195,1.0013213227145557,0.9996180255497483,0.9969965758481517,1.0,1.0003638055215882
1.0038679873401195,1.0013213227145557,0.9994968844697567,0.9964795358102839,1.0,1.0002358019747437
1.0038679873401195,1.0013213227145557,0.9995254688069877,0.9968674615782438,1.0,1.0003194006822842
1.0038679873401195,1.0013213227145557,0.9995949652097437,0.9968333860663205,1.0,1.0003264723015275
1.0038679873401195,1.0013213227145557,0.999575151029902,0.9967924048726543,1.0,1.0003142816056914
1.0038679873401195,1.0013213227145557,0.9997633046977826,0.9963383401359266,1.0,1.0002608063565703
1.0038679873401195,1.0013213227145557,0.9995501984127558,0.9971897797596768,1.0,1.0003891222185706
1.0038679873401195,1.0013213227145557,0.9997180256791334,0.9968546983694762,1.0,1.0003554845530798
1.0038679873401195,1.0013213227145557,0.9998550803492166,0.9959796039082295,1.0,1.0002072794361803
1.0038679873401195,1.0013213227145557,0.9996727780172174,0.996195049482729,1.0,1.0002140781436117
1.0038679873401195,1.0013213227145557,0.9998978691997876,0.9954826327187014,1.0,1.0001160625717884
1.0038679873401195,1.0013213227145557,0.9999282938541832,0.9951894953630542,1.0,1.000063248480396
1.0038679873401195,1.0013213227145557,0.9999977366455468,0.9934334105149867,1.0,0.9997242019245551
1.0038679873401195,1.0013213227145557,0.9999977366455468,0.9939855009772925,1.0,0.9998353192256196
1.0038679873401195,1.0013213227145557,0.9999977366455468,0.9939170228770215,1.0,0.9998215430038987
1.0038679873401195,1.0013213227145557,0.9999977366455468,0.9935601544101783,1.0,0.9997497453038984
1.0038679873401195,1.0013213227145557,0.9999977366455468,0.9946943382161315,1.0,0.9999779951921607
1.0038679873401195,1.0013213227145557,0.9999977366455468,0.9939639815889539,1.0,0.9998311479592449
1.0038679873401195,1.0013213227145557,0.9999977366455468,0.9935180292834082,1.0,0.9997414310250605
1.0038679873401195,1.0013213227145557,0.9999977366455468,0.9926422408374941,1.0,0.9995651761472653
1.0038679873401195,1.0013213227145557,0.9999977366455468,0.9925701734985798,1.0,0.9995506621563524
1.0038679873401195,1.0013213227145557,0.9999977366455468,0.9920948468699391,1.0,0.9994549282608387
1.0038679873401195,1.0013213227145557,0.9999977366455468,0.9904685680022762,1.0,0.9991272595033323
1.0038679873401195,1.0013213227145557,0.9999977366455468,0.9913035606151536,1.0,0.9992957179295684
1.0038679873401195,1.0013213227145557,0.9999977366455468,0.9923290356952367,1.0,0.9995024664770537
1.0038679873401195,1.0013213227145557,0.9999977366455468,0.9925395352625858,1.0,0.9995448707258844
1.0038679873401195,1.0013213227145557,0.9999977366455468,0.9925106196596745,1.0,0.999539046788087
1.0038679873401195,1.0013213227145557,0.9999977366455468,0.9934105150943601,1.0,0.9997203003902506
1.0038679873401195,1.0013213227145557,0.9999977366455468,0.9944201641174419,1.0,0.9999235127801555
1.0038679873401195,1.0013213227145557,0.9999977366455468,0.994632218800258,1.0,0.9999661584285432
1.0038679873401195,1.0013213227145557,0.9999977366455468,0.9937043242341985,1.0,0.999779584306549
1.0038679873401195,1.0013213227145557,0.9999977366455468,0.9927441921238218,1.0,0.9995863838828855
1.0038679873401195,1.0013213227145557,0.9999977366455468,0.9939919015895748,1.0,0.9998376456687318
1.0038679873401195,1.0013213227145557,0.9999977366455468,0.9942514815203732,1.0,0.9998898669768647
1.0038679873401195,1.0013213227145557,0.9999977366455468,0.9942168678766884,1.0,0.9998829049894353
1.0038679873401195,1.0013213227145557,0.9999977366455468,0.9946281468834,1.0,0.9999656295661908
1.0038679873401195,1.0013213227145557,0.9999977366455468,0.9957205258343306,1.0,1.0001852777651312
1.0038679873401195,1.0013213227145557,0.9999977366455468,0.994983025777727,1.0,1.000037116372486
1.0038679873401195,1.0013213227145557,0.9999977366455468,0.994496802081199,1.0,0.9999393776712638
1.0038679873401195,1.0013213227145557,0.9999977366455468,0.9956948140054758,1.0,1.0001802913263902
1.0038679873401195,1.0013213227145557,0.9999977366455468,0.9970019914455126,1.0,1.0004429045477108
1.0038679873401195,1.0013213227145557,0.9999977366455468,0.9963041653391416,1.0,1.0003028576505697
1.0038679873401195,1.0013213227145557,0.9999977366455468,0.9960087870039217,1.0,1.0002435448818214
1.0038679873401195,1.0013213227145557,0.9999977366455468,0.9963237202777099,1.0,1.0003067993386667
1.0038679873401195,1.0013213227145557,0.9999977366455468,0.9973821832921675,1.0,1.0005193382411663
1.0038679873401195,1.0013213227145557,0.9999977366455468,0.99763503788865,1.0,1.0005700682256762
1.0038679873401195,1.0013213227145557,0.9999977366455468,0.9972896839652057,1.0,1.0005007942355657
1.0038679873401195,1.0013213227145557,0.9999977366455468,0.9967632052832651,1.0,1.0003951594640648
1.0038679873401195,1.0013213227145557,0.9999977366455468,0.9967636781113486,1.0,1.0003952543742547
1.0038679873401195,1.0013213227145557,0.9999977366455468,0.9976468854810504,1.0,1.0005725394179779
1.0038679873401195,1.0013213227145557,0.9999977366455468,0.9855907318989077,1.0,0.9981542376358837
1.0038679873401195,1.0013213227145557,0.9999977366455468,0.9833371748652994,1.0,0.9976977809282367
1.0038679873401195,1.0013213227145557,0.9999977366455468,0.9828526273150618,1.0,0.9975994561566358
1.0038679873401195,1.0013213227145557,0.9999977366455468,0.9807808853314564,1.0,0.997178890831031
1.0038679873401195,1.0013213227145557,0.9999977366455468,0.9840371355315248,1.0,0.9978410293395062
1.0038679873401195,1.0013213227145557,0.9999977366455468,0.9869206218862324,1.0,0.9984258164147854
1.0038679873401195,1.0013213227145557,0.9999977366455468,0.988380459466212,1.0,0.9987211875916159
1.0038679873401195,1.0013213227145557,0.9999977366455468,0.9890769624548476,1.0,0.9988619455933164
1.0038679873401195,1.0013213227145557,0.9999977366455468,0.9853593777337797,1.0,0.9981110730023347
1.0038679873401195,1.0013213227145557,0.9999977366455468,0.985569116210423,1.0,0.9981535635495813
1.0038679873401195,1.0013213227145557,0.9999977366455468,0.9867136233264229,1.0,0.9983853877489304
1.0038679873401195,1.0013213227145557,0.9999977366455468,0.9866910497877793,1.0,0.9983808196370489
1.0038679873401195,1.0013213227145557,0.9999977366455468,0.9851838233844209,1.0,0.998075802999412
1.0038679873401195,1.0013213227145557,0.9999977366455468,0.9864298174138401,1.0,0.9983282627864947
1.0038679873401195,1.0013213227145557,0.9999977366455468,0.9877347479845018,1.0,0.9985923969492435
1.0038679873401195,1.0013213227145557,0.9999977366455468,0.9881346974899832,1.0,0.9986732661372827
1.0038679873401195,1.0013213227145557,0.9999977366455468,0.9897414024131358,1.0,0.9989980342599688
1.0038679873401195,1.0013213227145557,0.9999977366455468,0.9894590576508175,1.0,0.9989410371773264
1.0038679873401195,1.0013213227145557,0.9999977366455468,0.9876580608731733,1.0,0.9985773860337844
1.0038679873401195,1.0013213227145557,0.9999977366455468,0.9866704433093407,1.0,0.998377678745531
1.0038679873401195,1.0013213227145557,0.9999977366455468,0.9887239328971021,1.0,0.9987932497564718
1.0038679873401195,1.0013213227145557,0.9999977366455468,0.9897204967226589,1.0,0.99899459235349
1.0038679873401195,1.0013213227145557,0.9999977366455468,0.9908984195485455,1.0,0.9992323844447253
1.0038679873401195,1.0013213227145557,0.9999977366455468,0.9907864615367336,1.0,0.9992098045174809
1.0038679873401195,1.0013213227145557,0.9999977366455468,0.9893152838030194,1.0,0.9989130674761945
1.0038679873401195,1.0013213227145557,0.9999977366455468,0.989050375074923,1.0,0.9988595717313058
1.0038679873401195,1.0013213227145557,0.9999977366455468,0.989011336169249,1.0,0.9988516865142157
1.0038679873401195,1.0013213227145557,0.9999977366455468,0.9889261166512329,1.0,0.9988344730291563
1.0038679873401195,1.0013213227145557,0.9999977366455468,0.9901837805603377,1.0,0.9990885259956513
1.0038679873401195,1.0013213227145557,0.9999977366455468,0.9901116938287702,1.0,0.999073978993812
1.0038679873401195,1.0013213227145557,0.9999977366455468,0.9925261064533771,1.0,0.9995612324709366
1.0038679873401195,1.0013213227145557,0.9999977366455468,0.992403983667699,1.0,0.9995366347900552
1.0038679873401195,1.0013213227145557,0.9999977366455468,0.9940018290613939,1.0,0.9998585006902354
1.0038679873401195,1.0013213227145557,0.9999977366455468,0.9950059123744993,1.0,1.0000605005672292
1.0038679873401195,1.0013213227145557,0.9999977366455468,0.9945117426945317,1.0,0.9999611645589971
1.0038679873401195,1.0013213227145557,0.9999977366455468,0.9945339467553971,1.0,0.999965629704577
1.0038679873401195,1.0013213227145557,0.9999977366455468,0.9952455446546435,1.0,1.0001087265679347
1.0038679873401195,1.0013213227145557,0.9999977366455468,0.9948512248427325,1.0,1.0000294772435707
1.0038679873401195,1.0013213227145557,0.9999977366455468,0.9952671986574184,1.0,1.0001131050395786
1.0038679873401195,1.0013213227145557,0.9999977366455468,0.9950995315673163,1.0,1.0000794083490172
1.0038679873401195,1.0013213227145557,0.9999977366455468,0.9946408938074969,1.0,0.999987221755629
1.0038679873401195,1.0013213227145557,0.9999977366455468,0.9934700849196577,1.0,0.9997518013271616
1.0038679873401195,1.0013213227145557,0.9999977366455468,0.9931050656981377,1.0,0.9996783358791781
1.0038679873401195,1.0013213227145557,0.9999977366455468,0.9928127302280252,1.0,0.9996194817968913
1.0038679873401195,1.0013213227145557,0.9999977366455468,0.9914912185941749,1.0,0.9993533674060505
1.0038679873401195,1.0013213227145557,0.9999977366455468,0.9922080556806555,1.0,0.9994978716725174
1.0038679873401195,1.0013213227145557,0.9999977366455468,0.9925513434694415,1.0,0.9995670336617389
1.0038679873401195,1.0013213227145557,0.9999977366455468,0.9930810357266567,1.0,0.9996737209221577
1.0038679873401195,1.0013213227145557,0.9999977366455468,0.9939113160110683,1.0,0.9998408793616941
1.0038679873401195,1.0013213227145557,0.9999977366455468,0.9936049908167952,1.0,0.9997792488224942
1.0038679873401195,1.0013213227145557,0.9999977366455468,0.9940409636966107,1.0,0.9998669852252533
1.0038679873401195,1.0013213227145557,0.9999977366455468,0.9940421446810207,1.0,0.9998672228064727
1.0038679873401195,1.0013213227145557,0.9999977366455468,0.994805604215345,1.0,1.0000208094865535
1.0038679873401195,1.0013213227145557,0.9999977366455468,0.9955876317853709,1.0,1.000178034946544
1.0038679873401195,1.0013213227145557,0.9999977366455468,0.9962307603257858,1.0,1.0003072537152857
1.0038679873401195,1.0013213227145557,0.9999977366455468,0.9971720559518085,1.0,1.0004962831811683
1.0038679873401195,1.0013213227145557,0.9999977366455468,0.996166814953976,1.0,1.0002945647563428
1.0038679873401195,1.0013213227145557,0.9999977366455468,0.9959598353800824,1.0,1.0002529973120808
1.0038679873401195,1.0013213227145557,0.9999977366455468,0.9967464739968074,1.0,1.0004110032087505
1.0038679873401195,1.0013213227145557,0.9999977366455468,0.9958564358834974,1.0,1.0002323411427068
1.0038679873401195,1.0013213227145557,0.9999977366455468,0.9959904196338434,1.0,1.0002592556407115
1.0038679873401195,1.0013213227145557,0.9999977366455468,0.9979854707790133,1.0,1.0006599760360275
1.0038679873401195,1.0013213227145557,0.9999977366455468,0.9992407180453187,1.0,1.000911698277723
1.0038679873401195,1.0013213227145557,0.9999977366455468,0.99842102784782,1.0,1.0007474860928465
1.0038679873401195,1.0013213227145557,0.9999977366455468,0.9982551618914219,1.0,1.000714235603471
1.0038679873401195,1.0013213227145557,0.9999977366455468,0.9973195315847254,1.0,1.000526648581051
1.0038679873401195,1.0013213227145557,0.9999977366455468,0.9957100865290864,1.0,1.0002037244596242
1.0038679873401195,1.0013213227145557,0.9999977366455468,0.995750959547214,1.0,1.000211935955222
1.0038679873401195,1.0013213227145557,0.9999977366455468,0.9934838186127477,1.0,0.9997564764045374
1.0038679873401195,1.0013213227145557,0.9999977366455468,0.9920731477879489,1.0,0.999472560900984
1.0038679873401195,1.0013213227145557,0.9999977366455468,0.9925226553058929,1.0,0.9995631329381581
1.0038679873401195,1.0013213227145557,0.9999977366455468,0.9925498563798743,1.0,0.9995686117432176
1.0038679873401195,1.0013213227145557,0.9999977366455468,0.9927089007348932,1.0,0.9996006455486997
1.0038679873401195,1.0013213227145557,0.9999977366455468,0.9948209127580149,1.0,1.000025980423839
1.0038679873401195,1.0013213227145557,0.9999977366455468,0.9971110148643463,1.0,1.0004863972837552
1.0038679873401195,1.0013213227145557,0.9999977366455468,0.994513817773618,1.0,0.9999651994789768
1.0038679873401195,1.0013213227145557,0.9999977366455468,0.9933077644546062,1.0,0.999722666630026
1.0038679873401195,1.0013213227145557,0.9999977366455468,0.9930262343906203,1.0,0.99966599698616
1.0038679873401195,1.0013213227145557,0.9999977366455468,0.9869158294375435,1.0,0.9984357446830766
1.0038679873401195,1.0013213227145557,0.9999977366455468,0.9855676978388331,1.0,0.9981629711118073
1.0038679873401195,1.0013213227145557,0.9999977366455468,0.9874207462997254,1.0,0.9985383170898451
1.0038679873401195,1.0013213227145557,0.9999977366455468,0.9871953705170704,1.0,0.9984927344229692
1.0038679873401195,1.0013213227145557,0.9999977366455468,0.9871953705170704,1.0,0.9984927344229692
1.0038679873401195,1.0013213227145557,0.9999977366455468,0.9871953705170704,1.0,0.9984927344229692
1.0038679873401195,1.0013213227145557,0.9999977366455468,0.9871953705170704,1.0,0.9984927344229692
1.0038679873401195,1.0013213227145557,0.9999977366455468,0.9871953705170704,1.0,0.9984927344229692
1.0038679873401195,1.0013213227145557,0.9999977366455468,0.9871953705170704,1.0,0.9984927344229692
1.0038679873401195,1.0013213227145557,0.9999977366455468,0.9871953705170704,1.0,0.9984927344229692
1.0038679873401195,1.0013213227145557,0.9999977366455468,0.9871953705170704,1.0,0.9984927344229692
1.0038679873401195,1.0013213227145557,0.9999977366455468,0.9871953705170704,1.0,0.9984927344229692
1.0038679873401195,1.0013213227145557,0.9999977366455468,0.9871953705170704,1.0,0.9984927344229692
1.0038679873401195,1.0013213227145557,0.9999977366455468,0.9871953705170704,1.0,0.9984927344229692
1.0038679873401195,1.0013213227145557,0.9999977366455468,0.9871953705170704,1.0,0.9984927344229692
1.0038679873401195,1.0013213227145557,0.9999977366455468,0.9871953705170704,1.0,0.9984927344229692
1.0038679873401195,1.0013213227145557,0.9999977366455468,0.9871953705170704,1.0,0.9984927344229692
1.0038679873401195,1.0013213227145557,0.9999977366455468,0.9871953705170704,1.0,0.9984927344229692
1.0038679873401195,1.0013213227145557,0.9999977366455468,0.9871953705170704,1.0,0.9984927344229692
1.0038679873401195,1.0013213227145557,0.9999977366455468,0.9871953705170704,1.0,0.9984927344229692
1.0038679873401195,1.0013213227145557,0.9999977366455468,0.9871953705170704,1.0,0.9984927344229692
1.0038679873401195,1.0013213227145557,0.9999977366455468,0.9871953705170704,1.0,0.9984927344229692
1.0038679873401195,1.0013213227145557,0.9999977366455468,0.9871953705170704,1.0,0.9984927344229692
1.0038679873401195,1.0013213227145557,0.9999977366455468,0.9871953705170704,1.0,0.9984927344229692
1.0038679873401195,1.0013213227145557,0.9999977366455468,0.9871953705170704,1.0,0.9984927344229692
1.0038679873401195,1.0013213227145557,0.9999977366455468,0.9871953705170704,1.0,0.9984927344229692
1.0038679873401195,1.0013213227145557,0.9999977366455468,0.9871953705170704,1.0,0.9984927344229692
1.0038679873401195,1.0013213227145557,0.9999977366455468,0.9871953705170704,1.0,0.9984927344229692
1.0038679873401195,1.0013213227145557,0.9999977366455468,0.9871953705170704,1.0,0.9984927344229692
1.0038679873401195,1.0013213227145557,0.9999977366455468,0.9871953705170704,1.0,0.9984927344229692
1.0038679873401195,1.0013213227145557,0.9999977366455468,0.9871953705170704,1.0,0.9984927344229692
1.0038679873401195,1.0013213227145557,0.9999977366455468,0.9871953705170704,1.0,0.9984927344229692
1.0038679873401195,1.0013213227145557,0.9999977366455468,0.9871953705170704,1.0,0.9984927344229692
1.0038679873401195,1.0013213227145557,0.9999977366455468,0.9871953705170704,1.0,0.9984927344229692
1.0038679873401195,1.0013213227145557,0.9999977366455468,0.9871953705170704,1.0,0.9984927344229692
1.0038679873401195,1.0013213227145557,0.9999977366455468,0.9871953705170704,1.0,0.9984927344229692
1.0038679873401195,1.0013213227145557,0.9999977366455468,0.9871953705170704,1.0,0.9984927344229692
1.0038679873401195,1.0013213227145557,0.9999977366455468,0.9871953705170704,1.0,0.9984927344229692
1.0038679873401195,1.0013213227145557,0.9999977366455468,0.9871953705170704,1.0,0.9984927344229692
1.0038679873401195,1.0013213227145557,0.9999977366455468,0.9871953705170704,1.0,0.9984927344229692
1.0038679873401195,1.0013213227145557,0.9999977366455468,0.9871953705170704,1.0,0.9984927344229692
1.0038679873401195,1.0013213227145557,0.9999977366455468,0.9871953705170704,1.0,0.9984927344229692
1.0038679873401195,1.0013213227145557,0.9999977366455468,0.9871953705170704,1.0,0.9984927344229692
1.0038679873401195,1.0013213227145557,0.9999977366455468,0.9871953705170704,1.0,0.9984927344229692
1.0038679873401195,1.0013213227145557,0.9999977366455468,0.9871953705170704,1.0,0.9984927344229692
1.0038679873401195,1.0013213227145557,0.9999977366455468,0.9871953705170704,1.0,0.9984927344229692
1.0038679873401195,1.0013213227145557,0.9999977366455468,0.9871953705170704,1.0,0.9984927344229692
1.0038679873401195,1.0013213227145557,0.9999977366455468,0.9871953705170704,1.0,0.9984927344229692
1.0038679873401195,1.0013213227145557,0.9999977366455468,0.9871953705170704,1.0,0.9984927344229692
1.0038679873401195,1.0013213227145557,0.9999977366455468,0.9871953705170704,1.0,0.9984927344229692
1.0038679873401195,1.0013213227145557,0.9999977366455468,0.9871953705170704,1.0,0.9984927344229692
1.0038679873401195,1.0013213227145557,0.9999977366455468,0.9871953705170704,1.0,0.9984927344229692
1.0038679873401195,1.0013213227145557,0.9999977366455468,0.9871953705170704,1.0,0.9984927344229692
1.0038679873401195,1.0013213227145557,0.9999977366455468,0.9871953705170704,1.0,0.9984927344229692
1.0038679873401195,1.0013213227145557,0.9999977366455468,0.9871953705170704,1.0,0.9984927344229692
1.0038679873401195,1.0013213227145557,0.9999977366455468,0.9871953705170704,1.0,0.9984927344229692
1.0038679873401195,1.0013213227145557,0.9999977366455468,0.9871953705170704,1.0,0.9984927344229692
1.0038679873401195,1.0013213227145557,0.9999977366455468,0.9871953705170704,1.0,0.9984927344229692
1.0038679873401195,1.0013213227145557,0.9999977366455468,0.9871953705170704,1.0,0.9984927344229692
1.0038679873401195,1.0013213227145557,0.9999977366455468,0.9871953705170704,1.0,0.9984927344229692
1.0038679873401195,1.0013213227145557,0.9999977366455468,0.9871953705170704,1.0,0.9984927344229692
1.0038679873401195,1.0013213227145557,0.9999977366455468,0.9871953705170704,1.0,0.9984927344229692
1.0038679873401195,1.0013213227145557,0.9999977366455468,0.9871953705170704,1.0,0.9984927344229692
1.0038679873401195,1.0013213227145557,0.9999977366455468,0.9871953705170704,1.0,0.9984927344229692
1.0038679873401195,1.0013213227145557,0.9999977366455468,0.9871953705170704,1.0,0.9984927344229692
1.0038679873401195,1.0013213227145557,0.9999977366455468,0.9871953705170704,1.0,0.9984927344229692
1.0038679873401195,1.0013213227145557,0.9999977366455468,0.9871953705170704,1.0,0.9984927344229692
1.0038679873401195,1.0013213227145557,0.9999977366455468,0.9871953705170704,1.0,0.9984927344229692
1.0038679873401195,1.0013213227145557,0.9999977366455468,0.9871953705170704,1.0,0.9984927344229692
1.0038679873401195,1.0013213227145557,0.9999977366455468,0.9871953705170704,1.0,0.9984927344229692
1.0038679873401195,1.0013213227145557,0.9999977366455468,0.9871953705170704,1.0,0.9984927344229692
1.0038679873401195,1.0013213227145557,0.9999977366455468,0.9871953705170704,1.0,0.9984927344229692
1.0038679873401195,1.0013213227145557,0.9999977366455468,0.9871953705170704,1.0,0.9984927344229692
1.0038679873401195,1.0013213227145557,0.9999977366455468,0.9871953705170704,1.0,0.9984927344229692
1.0038679873401195,1.0013213227145557,0.9999977366455468,0.9871953705170704,1.0,0.9984927344229692
1.0038679873401195,1.0013213227145557,0.9999977366455468,0.9871953705170704,1.0,0.9984927344229692
1.0038679873401195,1.0013213227145557,0.9999977366455468,0.9871953705170704,1.0,0.9984927344229692
1.0038679873401195,1.0013213227145557,0.9999977366455468,0.9871953705170704,1.0,0.9984927344229692
1.0038679873401195,1.0013213227145557,0.9999977366455468,0.9871953705170704,1.0,0.9984927344229692
1.0038679873401195,1.0013213227145557,0.9999977366455468,0.9871953705170704,1.0,0.9984927344229692
1.0038679873401195,1.0013213227145557,0.9999977366455468,0.9871953705170704,1.0,0.9984927344229692
1.0038679873401195,1.0013213227145557,0.9999977366455468,0.9871953705170704,1.0,0.9984927344229692
1.0038679873401195,1.0013213227145557,0.9999977366455468,0.9871953705170704,1.0,0.9984927344229692
1.0038679873401195,1.0013213227145557,0.9999977366455468,0.9871953705170704,1.0,0.9984927344229692
1.0038679873401195,1.0013213227145557,0.9999977366455468,0.9871953705170704,1.0,0.9984927344229692
1.0038679873401195,1.0013213227145557,0.9999977366455468,0.9871953705170704,1.0,0.9984927344229692
1.0038679873401195,1.0013213227145557,0.9999977366455468,0.9871953705170704,1.0,0.9984927344229692
1.0038679873401195,1.0013213227145557,0.9999977366455468,0.9871953705170704,1.0,0.9984927344229692
1.0038679873401195,1.0013213227145557,0.9999977366455468,0.9871953705170704,1.0,0.9984927344229692
1.0038679873401195,1.0013213227145557,0.9999977366455468,0.9871953705170704,1.0,0.9984927344229692
1.0038679873401195,1.0013213227145557,0.9999977366455468,0.9871953705170704,1.0,0.9984927344229692
1.0038679873401195,1.0013213227145557,0.9999977366455468,0.9871953705170704,1.0,0.9984927344229692
1.0038679873401195,1.0013213227145557,0.9999977366455468,0.9871953705170704,1.0,0.9984927344229692
1.0038679873401195,1.0013213227145557,0.9999977366455468,0.9871953705170704,1.0,0.9984927344229692
1.0038679873401195,1.0013213227145557,0.9999977366455468,0.9871953705170704,1.0,0.9984927344229692
1.0038679873401195,1.0013213227145557,0.9999977366455468,0.9871953705170704,1.0,0.9984927344229692
1.0038679873401195,1.0013213227145557,0.9999977366455468,0.9871953705170704,1.0,0.9984927344229692
1.0038679873401195,1.0013213227145557,0.9999977366455468,0.9871953705170704,1.0,0.9984927344229692
1.0038679873401195,1.0013213227145557,0.9999977366455468,0.9871953705170704,1.0,0.9984927344229692
1.0038679873401195,1.0013213227145557,0.9999977366455468,0.9871953705170704,1.0,0.9984927344229692
1.0038679873401195,1.0013213227145557,0.9999977366455468,0.9871953705170704,1.0,0.9984927344229692
1.0038679873401195,1.0013213227145557,0.9999977366455468,0.9871953705170704,1.0,0.9984927344229692
1.0038679873401195,1.0013213227145557,0.9999977366455468,0.9871953705170704,1.0,0.9984927344229692
1.0038679873401195,1.0013213227145557,0.9999977366455468,0.9871953705170704,1.0,0.9984927344229692
1.0038679873401195,1.0013213227145557,0.9999977366455468,0.9871953705170704,1.0,0.9984927344229692
1.0038679873401195,1.0013213227145557,0.9999977366455468,0.9871953705170704,1.0,0.9984927344229692
1.0038679873401195,1.0013213227145557,0.9999977366455468,0.9871953705170704,1.0,0.9984927344229692
1.0038679873401195,1.0013213227145557,0.9999977366455468,0.9871953705170704,1.0,0.9984927344229692
1.0038679873401195,1.0013213227145557,0.9999977366455468,0.9871953705170704,1.0,0.9984927344229692
1.0038679873401195,1.0013213227145557,0.9999977366455468,0.9871953705170704,1.0,0.9984927344229692
1.0038679873401195,1.0013213227145557,0.9999977366455468,0.9871953705170704,1.0,0.9984927344229692
1.0038679873401195,1.0013213227145557,0.9999977366455468,0.9871953705170704,1.0,0.9984927344229692
1.0038679873401195,1.0013213227145557,0.9999977366455468,0.9871953705170704,1.0,0.9984927344229692
1.0038679873401195,1.0013213227145557,0.9999977366455468,0.9871953705170704,1.0,0.9984927344229692
1.0038679873401195,1.0013213227145557,0.9999977366455468,0.9871953705170704,1.0,0.9984927344229692
1.0038679873401195,1.0013213227145557,0.9999977366455468,0.9871953705170704,1.0,0.9984927344229692
1.0038679873401195,1.0013213227145557,0.9999977366455468,0.9871953705170704,1.0,0.9984927344229692
1.0038679873401195,1.0013213227145557,0.9999977366455468,0.9871953705170704,1.0,0.9984927344229692
1.0038679873401195,1.0013213227145557,0.9999977366455468,0.9871953705170704,1.0,0.9984927344229692
1.0038679873401195,1.0013213227145557,0.9999977366455468,0.9871953705170704,1.0,0.9984927344229692
1.0038679873401195,1.0013213227145557,0.9999977366455468,0.9871953705170704,1.0,0.9984927344229692
1.0038679873401195,1.0013213227145557,0.9999977366455468,0.9871953705170704,1.0,0.9984927344229692
1.0038679873401195,1.0013213227145557,0.9999977366455468,0.9871953705170704,1.0,0.9984927344229692
1.0038679873401195,1.0013213227145557,0.9999977366455468,0.9871953705170704,1.0,0.9984927344229692
1.0038679873401195,1.0013213227145557,0.9999977366455468,0.9871953705170704,1.0,0.9984927344229692
1.0038679873401195,1.0013213227145557,0.9999977366455468,0.9871953705170704,1.0,0.9984927344229692
1.0038679873401195,1.0013213227145557,0.9999977366455468,0.9871953705170704,1.0,0.9984927344229692
1.0038679873401195,1.0013213227145557,0.9999977366455468,0.9871953705170704,1.0,0.9984927344229692
1.0038679873401195,1.0013213227145557,0.9999977366455468,0.9871953705170704,1.0,0.9984927344229692
1.0038679873401195,1.0013213227145557,0.9999977366455468,0.9871953705170704,1.0,0.9984927344229692
1.0038679873401195,1.0013213227145557,0.9999977366455468,0.9871953705170704,1.0,0.9984927344229692
1.0038679873401195,1.0013213227145557,0.9999977366455468,0.9871953705170704,1.0,0.9984927344229692
1.0038679873401195,1.0013213227145557,0.9999977366455468,0.9871953705170704,1.0,0.9984927344229692
1.0038679873401195,1.0013213227145557,0.9999977366455468,0.9871953705170704,1.0,0.9984927344229692
1.0038679873401195,1.0013213227145557,0.9999977366455468,0.9871953705170704,1.0,0.9984927344229692
1.0038679873401195,1.0013213227145557,0.9999977366455468,0.9871953705170704,1.0,0.9984927344229692
1.0038679873401195,1.0013213227145557,0.9999977366455468,0.9871953705170704,1.0,0.9984927344229692
1.0038679873401195,1.0013213227145557,0.9999977366455468,0.9871953705170704,1.0,0.9984927344229692
1.0038679873401195,1.0013213227145557,0.9999977366455468,0.9871953705170704,1.0,0.9984927344229692
1.0038679873401195,1.0013213227145557,0.9999977366455468,0.9871953705170704,1.0,0.9984927344229692
1.0038679873401195,1.0013213227145557,0.9999977366455468,0.9871953705170704,1.0,0.9984927344229692
1.0038679873401195,1.0013213227145557,0.9999977366455468,0.9871953705170704,1.0,0.9984927344229692
1.0038679873401195,1.0013213227145557,0.9999977366455468,0.9871953705170704,1.0,0.9984927344229692
1.0038679873401195,1.0013213227145557,0.9999977366455468,0.9871953705170704,1.0,0.9984927344229692
1.0038679873401195,1.0013213227145557,0.9999977366455468,0.9871953705170704,1.0,0.9984927344229692
1.0038679873401195,1.0013213227145557,0.9999977366455468,0.9871953705170704,1.0,0.9984927344229692
1.0038679873401195,1.0013213227145557,0.9999977366455468,0.9871953705170704,1.0,0.9984927344229692
1.0038679873401195,1.0013213227145557,0.9999977366455468,0.9871953705170704,1.0,0.9984927344229692
1.0038679873401195,1.0013213227145557,0.9999977366455468,0.9871953705170704,1.0,0.9984927344229692
1.0038679873401195,1.0013213227145557,0.9999977366455468,0.9871953705170704,1.0,0.9984927344229692
1.0038679873401195,1.0013213227145557,0.9999977366455468,0.9871953705170704,1.0,0.9984927344229692
1.0038679873401195,1.0013213227145557,0.9999977366455468,0.9871953705170704,1.0,0.9984927344229692
1.0038679873401195,1.0013213227145557,0.9999977366455468,0.9871953705170704,1.0,0.9984927344229692
1.0038679873401195,1.0013213227145557,0.9999977366455468,0.9871953705170704,1.0,0.9984927344229692
1.0038679873401195,1.0013213227145557,0.9999977366455468,0.9871953705170704,1.0,0.9984927344229692
1.0038679873401195,1.0013213227145557,0.9999977366455468,0.9871953705170704,1.0,0.9984927344229692
1.0038679873401195,1.0013213227145557,0.9999977366455468,0.9871953705170704,1.0,0.9984927344229692
1.0038679873401195,1.0013213227145557,0.9999977366455468,0.9871953705170704,1.0,0.9984927344229692
1.0038679873401195,1.0013213227145557,0.9999977366455468,0.9871953705170704,1.0,0.9984927344229692
1.0038679873401195,1.0013213227145557,0.9999977366455468,0.9871953705170704,1.0,0.9984927344229692
1.0038679873401195,1.0013213227145557,0.9999977366455468,0.9871953705170704,1.0,0.9984927344229692
1.0038679873401195,1.0013213227145557,0.9999977366455468,0.9871953705170704,1.0,0.9984927344229692
1.0038679873401195,1.0013213227145557,0.9999977366455468,0.9871953705170704,1.0,0.9984927344229692
1.0038679873401195,1.0013213227145557,0.9999977366455468,0.9871953705170704,1.0,0.9984927344229692
1.0038679873401195,1.0013213227145557,0.9999977366455468,0.9871953705170704,1.0,0.9984927344229692
1.0038679873401195,1.0013213227145557,0.9999977366455468,0.9871953705170704,1.0,0.9984927344229692
1.0038679873401195,1.0013213227145557,0.9999977366455468,0.9871953705170704,1.0,0.9984927344229692
1.0038679873401195,1.0013213227145557,0.9999977366455468,0.9871953705170704,1.0,0.9984927344229692
1.0038679873401195,1.0013213227145557,0.9999977366455468,0.9871953705170704,1.0,0.9984927344229692
1.0038679873401195,1.0013213227145557,0.9999977366455468,0.9871953705170704,1.0,0.9984927344229692
1.0038679873401195,1.0013213227145557,0.9999977366455468,0.9871953705170704,1.0,0.9984927344229692
1.0038679873401195,1.0013213227145557,0.9999977366455468,0.9871953705170704,1.0,0.9984927344229692
1.0038679873401195,1.0013213227145557,0.9999977366455468,0.9871953705170704,1.0,0.9984927344229692
1.0038679873401195,1.0013213227145557,0.9999977366455468,0.9871953705170704,1.0,0.9984927344229692
1.0038679873401195,1.0013213227145557,0.9999977366455468,0.9871953705170704,1.0,0.9984927344229692
1.0038679873401195,1.0013213227145557,0.9999977366455468,0.9871953705170704,1.0,0.9984927344229692
1.0038679873401195,1.0013213227145557,0.9999977366455468,0.9871953705170704,1.0,0.9984927344229692
1.0038679873401195,1.0013213227145557,0.9999977366455468,0.9871953705170704,1.0,0.9984927344229692
1.0038679873401195,1.0013213227145557,0.9999977366455468,0.9871953705170704,1.0,0.9984927344229692
1.0038679873401195,1.0013213227145557,0.9999977366455468,0.9871953705170704,1.0,0.9984927344229692
1.0038679873401195,1.0013213227145557,0.9999977366455468,0.9871953705170704,1.0,0.9984927344229692
1.0038679873401195,1.0013213227145557,0.9999977366455468,0.9871953705170704,1.0,0.9984927344229692
1.0038679873401195,1.0013213227145557,0.9999977366455468,0.9871953705170704,1.0,0.9984927344229692
1.0038679873401195,1.0013213227145557,0.9999977366455468,0.9871953705170704,1.0,0.9984927344229692
1.0038679873401195,1.0013213227145557,0.9999977366455468,0.9871953705170704,1.0,0.9984927344229692
1.0038679873401195,1.0013213227145557,0.9999977366455468,0.9871953705170704,1.0,0.9984927344229692
1.0038679873401195,1.0013213227145557,0.9999977366455468,0.9871953705170704,1.0,0.9984927344229692
1.0038679873401195,1.0013213227145557,0.9999977366455468,0.9871953705170704,1.0,0.9984927344229692
1.0038679873401195,1.0013213227145557,0.9999977366455468,0.9871953705170704,1.0,0.9984927344229692
1.0038679873401195,1.0013213227145557,0.9999977366455468,0.9871953705170704,1.0,0.9984927344229692
1.0038679873401195,1.0013213227145557,0.9999977366455468,0.9871953705170704,1.0,0.9984927344229692
1.0038679873401195,1.0013213227145557,0.9999977366455468,0.9871953705170704,1.0,0.9984927344229692
1.0038679873401195,1.0013213227145557,0.9999977366455468,0.9871953705170704,1.0,0.9984927344229692
1.0038679873401195,1.0013213227145557,0.9999977366455468,0.9871953705170704,1.0,0.9984927344229692
1.0038679873401195,1.0013213227145557,0.9999977366455468,0.9871953705170704,1.0,0.9984927344229692
1.0038679873401195,1.0013213227145557,0.9999977366455468,0.9871953705170704,1.0,0.9984927344229692
1.0038679873401195,1.0013213227145557,0.9999977366455468,0.9871953705170704,1.0,0.9984927344229692
1.0038679873401195,1.0013213227145557,0.9999977366455468,0.9871953705170704,1.0,0.9984927344229692
1.0038679873401195,1.0013213227145557,0.9999977366455468,0.9871953705170704,1.0,0.9984927344229692
1.0038679873401195,1.0013213227145557,0.9999977366455468,0.9871953705170704,1.0,0.9984927344229692
1.0038679873401195,1.0013213227145557,0.9999977366455468,0.9871953705170704,1.0,0.9984927344229692
1.0038679873401195,1.0013213227145557,0.9999977366455468,0.9871953705170704,1.0,0.9984927344229692
1.0038679873401195,1.0013213227145557,0.9999977366455468,0.9871953705170704,1.0,0.9984927344229692
1.0038679873401195,1.0013213227145557,0.9999977366455468,0.9871953705170704,1.0,0.9984927344229692
1.0038679873401195,1.0013213227145557,0.9999977366455468,0.9871953705170704,1.0,0.9984927344229692
1.0038679873401195,1.0013213227145557,0.9999977366455468,0.9871953705170704,1.0,0.9984927344229692
1.0038679873401195,1.0013213227145557,0.9999977366455468,0.9871953705170704,1.0,0.9984927344229692
1.0038679873401195,1.0013213227145557,0.9999977366455468,0.9871953705170704,1.0,0.9984927344229692
1.0038679873401195,1.0013213227145557,0.9999977366455468,0.9871953705170704,1.0,0.9984927344229692
1.0038679873401195,1.0013213227145557,0.9999977366455468,0.9871953705170704,1.0,0.9984927344229692
1.0038679873401195,1.0013213227145557,0.9999977366455468,0.9871953705170704,1.0,0.9984927344229692
1.0038679873401195,1.0013213227145557,0.9999977366455468,0.9871953705170704,1.0,0.9984927344229692
1.0038679873401195,1.0013213227145557,0.9999977366455468,0.9871953705170704,1.0,0.9984927344229692
1.0038679873401195,1.0013213227145557,0.9999977366455468,0.9871953705170704,1.0,0.9984927344229692
1.0038679873401195,1.0013213227145557,0.9999977366455468,0.9871953705170704,1.0,0.9984927344229692
1.0038679873401195,1.0013213227145557,0.9999977366455468,0.9871953705170704,1.0,0.9984927344229692
1.0038679873401195,1.0013213227145557,0.9999977366455468,0.9871953705170704,1.0,0.9984927344229692
1.0038679873401195,1.0013213227145557,0.9999977366455468,0.9871953705170704,1.0,0.9984927344229692
1.0038679873401195,1.0013213227145557,0.9999977366455468,0.9871953705170704,1.0,0.9984927344229692
1.0038679873401195,1.0013213227145557,0.9999977366455468,0.9871953705170704,1.0,0.9984927344229692
1.0038679873401195,1.0013213227145557,0.9999977366455468,0.9871953705170704,1.0,0.9984927344229692
1.0038679873401195,1.0013213227145557,0.9999977366455468,0.9871953705170704,1.0,0.9984927344229692
1.0038679873401195,1.0013213227145557,0.9999977366455468,0.9871953705170704,1.0,0.9984927344229692
1.0038679873401195,1.0013213227145557,0.9999977366455468,0.9871953705170704,1.0,0.9984927344229692
1.0038679873401195,1.0013213227145557,0.9999977366455468,0.9871953705170704,1.0,0.9984927344229692
1.0038679873401195,1.0013213227145557,0.9999977366455468,0.9871953705170704,1.0,0.9984927344229692
1.0038679873401195,1.0013213227145557,0.9999977366455468,0.9871953705170704,1.0,0.9984927344229692
1.0038679873401195,1.0013213227145557,0.9999977366455468,0.9871953705170704,1.0,0.9984927344229692
1.0038679873401195,1.0013213227145557,0.9999977366455468,0.9871953705170704,1.0,0.9984927344229692
1.0038679873401195,1.0013213227145557,0.9999977366455468,0.9871953705170704,1.0,0.9984927344229692
1.0038679873401195,1.0013213227145557,0.9999977366455468,0.9871953705170704,1.0,0.9984927344229692
1.0038679873401195,1.0013213227145557,0.9999977366455468,0.9871953705170704,1.0,0.9984927344229692
1.0038679873401195,1.0013213227145557,0.9999977366455468,0.9871953705170704,1.0,0.9984927344229692
1.0038679873401195,1.0013213227145557,0.9999977366455468,0.9871953705170704,1.0,0.9984927344229692
1.0038679873401195,1.0013213227145557,0.9999977366455468,0.9871953705170704,1.0,0.9984927344229692
1.0038679873401195,1.0013213227145557,0.9999977366455468,0.9871953705170704,1.0,0.9984927344229692
1.0038679873401195,1.0013213227145557,0.9999977366455468,0.9871953705170704,1.0,0.9984927344229692
1.0038679873401195,1.0013213227145557,0.9999977366455468,0.9871953705170704,1.0,0.9984927344229692
1.0038679873401195,1.0013213227145557,0.9999977366455468,0.9871953705170704,1.0,0.9984927344229692
1.0038679873401195,1.0013213227145557,0.9999977366455468,0.9871953705170704,1.0,0.9984927344229692
1.0038679873401195,1.0013213227145557,0.9999977366455468,0.9871953705170704,1.0,0.9984927344229692
1.0038679873401195,1.0013213227145557,0.9999977366455468,0.9871953705170704,1.0,0.9984927344229692
1.0038679873401195,1.0013213227145557,0.9999977366455468,0.9871953705170704,1.0,0.9984927344229692
1.0038679873401195,1.0013213227145557,0.9999977366455468,0.9871953705170704,1.0,0.9984927344229692
1.0038679873401195,1.0013213227145557,0.9999977366455468,0.9871953705170704,1.0,0.9984927344229692
1.0038679873401195,1.0013213227145557,0.9999977366455468,0.9871953705170704,1.0,0.9984927344229692
1.0038679873401195,1.0013213227145557,0.9999977366455468,0.9871953705170704,1.0,0.9984927344229692
1.0038679873401195,1.0013213227145557,0.9999977366455468,0.9871953705170704,1.0,0.9984927344229692
1.0038679873401195,1.0013213227145557,0.9999977366455468,0.9871953705170704,1.0,0.9984927344229692
1.0038679873401195,1.0013213227145557,0.9999977366455468,0.9871953705170704,1.0,0.9984927344229692
1.0038679873401195,1.0013213227145557,0.9999977366455468,0.9871953705170704,1.0,0.9984927344229692
1.0038679873401195,1.0013213227145557,0.9999977366455468,0.9871953705170704,1.0,0.9984927344229692
1.0038679873401195,1.0013213227145557,0.9999977366455468,0.9871953705170704,1.0,0.9984927344229692
1.0038679873401195,1.0013213227145557,0.9999977366455468,0.9871953705170704,1.0,0.9984927344229692
1.0038679873401195,1.0013213227145557,0.9999977366455468,0.9871953705170704,1.0,0.9984927344229692
1.0038679873401195,1.0013213227145557,0.9999977366455468,0.9871953705170704,1.0,0.9984927344229692
1.0038679873401195,1.0013213227145557,0.9999977366455468,0.9871953705170704,1.0,0.9984927344229692
1.0038679873401195,1.0013213227145557,0.9999977366455468,0.9871953705170704,1.0,0.9984927344229692
1.0038679873401195,1.0013213227145557,0.9999977366455468,0.9871953705170704,1.0,0.9984927344229692
1.0038679873401195,1.0013213227145557,0.9999977366455468,0.9871953705170704,1.0,0.9984927344229692
1.0038679873401195,1.0013213227145557,0.9999977366455468,0.9871953705170704,1.0,0.9984927344229692
1.0038679873401195,1.0013213227145557,0.9999977366455468,0.9871953705170704,1.0,0.9984927344229692
1.0038679873401195,1.0013213227145557,0.9999977366455468,0.9871953705170704,1.0,0.9984927344229692
1.0038679873401195,1.0013213227145557,0.9999977366455468,0.9871953705170704,1.0,0.9984927344229692
1.0038679873401195,1.0013213227145557,0.9999977366455468,0.9871953705170704,1.0,0.9984927344229692
1.0038679873401195,1.0013213227145557,0.9999977366455468,0.9871953705170704,1.0,0.9984927344229692
1.0038679873401195,1.0013213227145557,0.9999977366455468,0.9871953705170704,1.0,0.9984927344229692
1.0038679873401195,1.0013213227145557,0.9999977366455468,0.9871953705170704,1.0,0.9984927344229692
1.0038679873401195,1.0013213227145557,0.9999977366455468,0.9871953705170704,1.0,0.9984927344229692
1.0038679873401195,1.0013213227145557,0.9999977366455468,0.9871953705170704,1.0,0.9984927344229692
1.0038679873401195,1.0013213227145557,0.9999977366455468,0.9871953705170704,1.0,0.9984927344229692
1.0038679873401195,1.0013213227145557,0.9999977366455468,0.9871953705170704,1.0,0.9984927344229692
1.0038679873401195,1.0013213227145557,0.9999977366455468,0.9871953705170704,1.0,0.9984927344229692
1.0038679873401195,1.0013213227145557,0.9999977366455468,0.9871953705170704,1.0,0.9984927344229692
1.0038679873401195,1.0013213227145557,0.9999977366455468,0.9871953705170704,1.0,0.9984927344229692
1.0038679873401195,1.0013213227145557,0.9999977366455468,0.9871953705170704,1.0,0.9984927344229692
1.0038679873401195,1.0013213227145557,0.9999977366455468,0.9871953705170704,1.0,0.9984927344229692
1.0038679873401195,1.0013213227145557,0.9999977366455468,0.9871953705170704,1.0,0.9984927344229692
1.0038679873401195,1.0013213227145557,0.9999977366455468,0.9871953705170704,1.0,0.9984927344229692
1.0038679873401195,1.0013213227145557,0.9999977366455468,0.9871953705170704,1.0,0.9984927344229692
1.0038679873401195,1.0013213227145557,0.9999977366455468,0.9871953705170704,1.0,0.9984927344229692
1.0038679873401195,1.0013213227145557,0.9999977366455468,0.9871953705170704,1.0,0.9984927344229692
1.0038679873401195,1.0013213227145557,0.9999977366455468,0.9871953705170704,1.0,0.9984927344229692
1.0038679873401195,1.0013213227145557,0.9999977366455468,0.9871953705170704,1.0,0.9984927344229692
1.0038679873401195,1.0013213227145557,0.9999977366455468,0.9871953705170704,1.0,0.9984927344229692
1.0038679873401195,1.0013213227145557,0.9999977366455468,0.9871953705170704,1.0,0.9984927344229692
1.0038679873401195,1.0013213227145557,0.9999977366455468,0.9871953705170704,1.0,0.9984927344229692
1.0038679873401195,1.0013213227145557,0.9999977366455468,0.9871953705170704,1.0,0.9984927344229692
1.0038679873401195,1.0013213227145557,0.9999977366455468,0.9871953705170704,1.0,0.9984927344229692
1.0038679873401195,1.0013213227145557,0.9999977366455468,0.9871953705170704,1.0,0.9984927344229692
1.0038679873401195,1.0013213227145557,0.9999977366455468,0.9871953705170704,1.0,0.9984927344229692
1.0038679873401195,1.0013213227145557,0.9999977366455468,0.9871953705170704,1.0,0.9984927344229692
1.0038679873401195,1.0013213227145557,0.9999977366455468,0.9871953705170704,1.0,0.9984927344229692
1.0038679873401195,1.0013213227145557,0.9999977366455468,0.9871953705170704,1.0,0.9984927344229692
1.0038679873401195,1.0013213227145557,0.9999977366455468,0.9871953705170704,1.0,0.9984927344229692
1.0038679873401195,1.0013213227145557,0.9999977366455468,0.9871953705170704,1.0,0.9984927344229692
1.0038679873401195,1.0013213227145557,0.9999977366455468,0.9871953705170704,1.0,0.9984927344229692
1.0038679873401195,1.0013213227145557,0.9999977366455468,0.9871953705170704,1.0,0.9984927344229692
1.0038679873401195,1.0013213227145557,0.9999977366455468,0.9871953705170704,1.0,0.9984927344229692
1.0038679873401195,1.0013213227145557,0.9999977366455468,0.9871953705170704,1.0,0.9984927344229692
1.0038679873401195,1.0013213227145557,0.9999977366455468,0.9871953705170704,1.0,0.9984927344229692
1.0038679873401195,1.0013213227145557,0.9999977366455468,0.9871953705170704,1.0,0.9984927344229692
1.0038679873401195,1.0013213227145557,0.9999977366455468,0.9871953705170704,1.0,0.9984927344229692
1.0038679873401195,1.0013213227145557,0.9999977366455468,0.9871953705170704,1.0,0.9984927344229692
1.0038679873401195,1.0013213227145557,0.9999977366455468,0.9871953705170704,1.0,0.9984927344229692
1.0038679873401195,1.0013213227145557,0.9999977366455468,0.9871953705170704,1.0,0.9984927344229692
1.0038679873401195,1.0013213227145557,0.9999977366455468,0.9871953705170704,1.0,0.9984927344229692
1.0038679873401195,1.0013213227145557,0.9999977366455468,0.9871953705170704,1.0,0.9984927344229692
1.0038679873401195,1.0013213227145557,0.9999977366455468,0.9871953705170704,1.0,0.9984927344229692
1.0038679873401195,1.0013213227145557,0.9999977366455468,0.9871953705170704,1.0,0.9984927344229692
1.0038679873401195,1.0013213227145557,0.9999977366455468,0.9871953705170704,1.0,0.9984927344229692
1.0038679873401195,1.0013213227145557,0.9999977366455468,0.9871953705170704,1.0,0.9984927344229692
1.0038679873401195,1.0013213227145557,0.9999977366455468,0.9871953705170704,1.0,0.9984927344229692
1.0038679873401195,1.0013213227145557,0.9999977366455468,0.9871953705170704,1.0,0.9984927344229692
1.0038679873401195,1.0013213227145557,0.9999977366455468,0.9871953705170704,1.0,0.9984927344229692
1.0038679873401195,1.0013213227145557,0.9999977366455468,0.9871953705170704,1.0,0.9984927344229692
1.0038679873401195,1.0013213227145557,0.9999977366455468,0.9871953705170704,1.0,0.9984927344229692
1.0038679873401195,1.0013213227145557,0.9999977366455468,0.9871953705170704,1.0,0.9984927344229692
1.0038679873401195,1.0013213227145557,0.9999977366455468,0.9871953705170704,1.0,0.9984927344229692
1.0038679873401195,1.0013213227145557,0.9999977366455468,0.9871953705170704,1.0,0.9984927344229692
1.0038679873401195,1.0013213227145557,0.9999977366455468,0.9871953705170704,1.0,0.9984927344229692
1.0038679873401195,1.0013213227145557,0.9999977366455468,0.9871953705170704,1.0,0.9984927344229692
1.0038679873401195,1.0013213227145557,0.9999977366455468,0.9871953705170704,1.0,0.9984927344229692
1.0038679873401195,1.0013213227145557,0.9999977366455468,0.9871953705170704,1.0,0.9984927344229692
1.0038679873401195,1.0013213227145557,0.9999977366455468,0.9871953705170704,1.0,0.9984927344229692
1.0038679873401195,1.0013213227145557,0.9999977366455468,0.9871953705170704,1.0,0.9984927344229692
1.0038679873401195,1.0013213227145557,0.9999977366455468,0.9871953705170704,1.0,0.9984927344229692
1.0038679873401195,1.0013213227145557,0.9999977366455468,0.9871953705170704,1.0,0.9984927344229692
1.0038679873401195,1.0013213227145557,0.9999977366455468,0.9871953705170704,1.0,0.9984927344229692
1.0038679873401195,1.0013213227145557,0.9999977366455468,0.9871953705170704,1.0,0.9984927344229692
1.0038679873401195,1.0013213227145557,0.9999977366455468,0.9871953705170704,1.0,0.9984927344229692
1.0038679873401195,1.0013213227145557,0.9999977366455468,0.9871953705170704,1.0,0.9984927344229692
1.0038679873401195,1.0013213227145557,0.9999977366455468,0.9871953705170704,1.0,0.9984927344229692
1.0038679873401195,1.0013213227145557,0.9999977366455468,0.9871953705170704,1.0,0.9984927344229692
1.0038679873401195,1.0013213227145557,0.9999977366455468,0.9871953705170704,1.0,0.9984927344229692
1.0038679873401195,1.0013213227145557,0.9999977366455468,0.9871953705170704,1.0,0.9984927344229692
1.0038679873401195,1.0013213227145557,0.9999977366455468,0.9871953705170704,1.0,0.9984927344229692
1.0038679873401195,1.0013213227145557,0.9999977366455468,0.9871953705170704,1.0,0.9984927344229692
1.0038679873401195,1.0013213227145557,0.9999977366455468,0.9871953705170704,1.0,0.9984927344229692
1.0038679873401195,1.0013213227145557,0.9999977366455468,0.9871953705170704,1.0,0.9984927344229692
1.0038679873401195,1.0013213227145557,0.9999977366455468,0.9871953705170704,1.0,0.9984927344229692
1.0038679873401195,1.0013213227145557,0.9999977366455468,0.9871953705170704,1.0,0.9984927344229692
1.0038679873401195,1.0013213227145557,0.9999977366455468,0.9871953705170704,1.0,0.9984927344229692
1.0038679873401195,1.0013213227145557,0.9999977366455468,0.9871953705170704,1.0,0.9984927344229692
1.0038679873401195,1.0013213227145557,0.9999977366455468,0.9871953705170704,1.0,0.9984927344229692
1.0038679873401195,1.0013213227145557,0.9999977366455468,0.9871953705170704,1.0,0.9984927344229692
1.0038679873401195,1.0013213227145557,0.9999977366455468,0.9871953705170704,1.0,0.9984927344229692
1.0038679873401195,1.0013213227145557,0.9999977366455468,0.9871953705170704,1.0,0.9984927344229692
1.0038679873401195,1.0013213227145557,0.9999977366455468,0.9871953705170704,1.0,0.9984927344229692
1.0038679873401195,1.0013213227145557,0.9999977366455468,0.9871953705170704,1.0,0.9984927344229692
1.0038679873401195,1.0013213227145557,0.9999977366455468,0.9871953705170704,1.0,0.9984927344229692
1.0038679873401195,1.0013213227145557,0.9999977366455468,0.9871953705170704,1.0,0.9984927344229692
1.0038679873401195,1.0013213227145557,0.9999977366455468,0.9871953705170704,1.0,0.9984927344229692
1.0038679873401195,1.0013213227145557,0.9999977366455468,0.9871953705170704,1.0,0.9984927344229692
1.0038679873401195,1.0013213227145557,0.9999977366455468,0.9871953705170704,1.0,0.9984927344229692
1.0038679873401195,1.0013213227145557,0.9999977366455468,0.9871953705170704,1.0,0.9984927344229692
1.0038679873401195,1.0013213227145557,0.9999977366455468,0.9871953705170704,1.0,0.9984927344229692
1.0038679873401195,1.0013213227145557,0.9999977366455468,0.9871953705170704,1.0,0.9984927344229692
1.0038679873401195,1.0013213227145557,0.9999977366455468,0.9871953705170704,1.0,0.9984927344229692
1.0038679873401195,1.0013213227145557,0.9999977366455468,0.9871953705170704,1.0,0.9984927344229692
1.0038679873401195,1.0013213227145557,0.9999977366455468,0.9871953705170704,1.0,0.9984927344229692
1.0038679873401195,1.0013213227145557,0.9999977366455468,0.9871953705170704,1.0,0.9984927344229692
1.0038679873401195,1.0013213227145557,0.9999977366455468,0.9871953705170704,1.0,0.9984927344229692
1.0038679873401195,1.0013213227145557,0.9999977366455468,0.9871953705170704,1.0,0.9984927344229692
1.0038679873401195,1.0013213227145557,0.9999977366455468,0.9871953705170704,1.0,0.9984927344229692
1.0038679873401195,1.0013213227145557,0.9999977366455468,0.9871953705170704,1.0,0.9984927344229692
1.0038679873401195,1.0013213227145557,0.9999977366455468,0.9871953705170704,1.0,0.9984927344229692
1.0038679873401195,1.0013213227145557,0.9999977366455468,0.9871953705170704,1.0,0.9984927344229692
1.0038679873401195,1.0013213227145557,0.9999977366455468,0.9871953705170704,1.0,0.9984927344229692
1.0038679873401195,1.0013213227145557,0.9999977366455468,0.9871953705170704,1.0,0.9984927344229692
1.0038679873401195,1.0013213227145557,0.9999977366455468,0.9871953705170704,1.0,0.9984927344229692
1.0038679873401195,1.0013213227145557,0.9999977366455468,0.9871953705170704,1.0,0.9984927344229692
1.0038679873401195,1.0013213227145557,0.9999977366455468,0.9871953705170704,1.0,0.9984927344229692
1.0038679873401195,1.0013213227145557,0.9999977366455468,0.9871953705170704,1.0,0.9984927344229692
1.0038679873401195,1.0013213227145557,0.9999977366455468,0.9871953705170704,1.0,0.9984927344229692
1.0038679873401195,1.0013213227145557,0.9999977366455468,0.9871953705170704,1.0,0.9984927344229692
1.0038679873401195,1.0013213227145557,0.9999977366455468,0.9871953705170704,1.0,0.9984927344229692
1.0038679873401195,1.0013213227145557,0.9999977366455468,0.9871953705170704,1.0,0.9984927344229692
1.0038679873401195,1.0013213227145557,0.9999977366455468,0.9871953705170704,1.0,0.9984927344229692
1.0038679873401195,1.0013213227145557,0.9999977366455468,0.9871953705170704,1.0,0.9984927344229692
1.0038679873401195,1.0013213227145557,0.9999977366455468,0.9871953705170704,1.0,0.9984927344229692
1.0038679873401195,1.0013213227145557,0.9999977366455468,0.9871953705170704,1.0,0.9984927344229692
1.0038679873401195,1.0013213227145557,0.9999977366455468,0.9871953705170704,1.0,0.9984927344229692
1.0038679873401195,1.0013213227145557,0.9999977366455468,0.9871953705170704,1.0,0.9984927344229692
1.0038679873401195,1.0013213227145557,0.9999977366455468,0.9871953705170704,1.0,0.9984927344229692
1.0038679873401195,1.0013213227145557,0.9999977366455468,0.9871953705170704,1.0,0.9984927344229692
1.0038679873401195,1.0013213227145557,0.9999977366455468,0.9871953705170704,1.0,0.9984927344229692
1.0038679873401195,1.0013213227145557,0.9999977366455468,0.9871953705170704,1.0,0.9984927344229692
1.0038679873401195,1.0013213227145557,0.9999977366455468,0.9871953705170704,1.0,0.9984927344229692
1.0038679873401195,1.0013213227145557,0.9999977366455468,0.9871953705170704,1.0,0.9984927344229692
1.0038679873401195,1.0013213227145557,0.9999977366455468,0.9871953705170704,1.0,0.9984927344229692
1.0038679873401195,1.0013213227145557,0.9999977366455468,0.9871953705170704,1.0,0.9984927344229692
1.0038679873401195,1.0013213227145557,0.9999977366455468,0.9871953705170704,1.0,0.9984927344229692
1.0038679873401195,1.0013213227145557,0.9999977366455468,0.9871953705170704,1.0,0.9984927344229692
1.0038679873401195,1.0013213227145557,0.9999977366455468,0.9871953705170704,1.0,0.9984927344229692
1.0038679873401195,1.0013213227145557,0.9999977366455468,0.9871953705170704,1.0,0.9984927344229692
1.0038679873401195,1.0013213227145557,0.9999977366455468,0.9871953705170704,1.0,0.9984927344229692
1.0038679873401195,1.0013213227145557,0.9999977366455468,0.9871953705170704,1.0,0.9984927344229692
1.0038679873401195,1.0013213227145557,0.9999977366455468,0.9871953705170704,1.0,0.9984927344229692
1.0038679873401195,1.0013213227145557,0.9999977366455468,0.9871953705170704,1.0,0.9984927344229692
1.0038679873401195,1.0013213227145557,0.9999977366455468,0.9871953705170704,1.0,0.9984927344229692
1.0038679873401195,1.0013213227145557,0.9999977366455468,0.9871953705170704,1.0,0.9984927344229692
1.0038679873401195,1.0013213227145557,0.9999977366455468,0.9871953705170704,1.0,0.9984927344229692
1.0038679873401195,1.0013213227145557,0.9999977366455468,0.9871953705170704,1.0,0.9984927344229692
1.0038679873401195,1.0013213227145557,0.9999977366455468,0.9871953705170704,1.0,0.9984927344229692
1.0038679873401195,1.0013213227145557,0.9999977366455468,0.9871953705170704,1.0,0.9984927344229692
1.0038679873401195,1.0013213227145557,0.9999977366455468,0.9871953705170704,1.0,0.9984927344229692
1.0038679873401195,1.0013213227145557,0.9999977366455468,0.9871953705170704,1.0,0.9984927344229692
1.0038679873401195,1.0013213227145557,0.9999977366455468,0.9871953705170704,1.0,0.9984927344229692
1.0038679873401195,1.0013213227145557,0.9999977366455468,0.9871953705170704,1.0,0.9984927344229692
1.0038679873401195,1.0013213227145557,0.9999977366455468,0.9871953705170704,1.0,0.9984927344229692
1.0038679873401195,1.0013213227145557,0.9999977366455468,0.9871953705170704,1.0,0.9984927344229692
1.0038679873401195,1.0013213227145557,0.9999977366455468,0.9871953705170704,1.0,0.9984927344229692
1.0038679873401195,1.0013213227145557,0.9999977366455468,0.9871953705170704,1.0,0.9984927344229692
1.0038679873401195,1.0013213227145557,0.9999977366455468,0.9871953705170704,1.0,0.9984927344229692
1.0038679873401195,1.0013213227145557,0.9999977366455468,0.9871953705170704,1.0,0.9984927344229692
1.0038679873401195,1.0013213227145557,0.9999977366455468,0.9871953705170704,1.0,0.9984927344229692
1.0038679873401195,1.0013213227145557,0.9999977366455468,0.9871953705170704,1.0,0.9984927344229692
1.0038679873401195,1.0013213227145557,0.9999977366455468,0.9871953705170704,1.0,0.9984927344229692
1.0038679873401195,1.0013213227145557,0.9999977366455468,0.9871953705170704,1.0,0.9984927344229692
1.0038679873401195,1.0013213227145557,0.9999977366455468,0.9871953705170704,1.0,0.9984927344229692
1.0038679873401195,1.0013213227145557,0.9999977366455468,0.9871953705170704,1.0,0.9984927344229692
1.0038679873401195,1.0013213227145557,0.9999977366455468,0.9871953705170704,1.0,0.9984927344229692
1.0038679873401195,1.0013213227145557,0.9999977366455468,0.9871953705170704,1.0,0.9984927344229692
1.0038679873401195,1.0013213227145557,0.9999977366455468,0.9871953705170704,1.0,0.9984927344229692
1.0038679873401195,1.0013213227145557,0.9999977366455468,0.9871953705170704,1.0,0.9984927344229692
1.0038679873401195,1.0013213227145557,0.9999977366455468,0.9871953705170704,1.0,0.9984927344229692
1.0038679873401195,1.0013213227145557,0.9999977366455468,0.9871953705170704,1.0,0.9984927344229692
1.0038679873401195,1.0013213227145557,0.9999977366455468,0.9871953705170704,1.0,0.9984927344229692
1.0038679873401195,1.0013213227145557,0.9999977366455468,0.9871953705170704,1.0,0.9984927344229692
1.0038679873401195,1.0013213227145557,0.9999977366455468,0.9871953705170704,1.0,0.9984927344229692
1.0038679873401195,1.0013213227145557,0.9999977366455468,0.9871953705170704,1.0,0.9984927344229692
1.0038679873401195,1.0013213227145557,0.9999977366455468,0.9871953705170704,1.0,0.9984927344229692
1.0038679873401195,1.0013213227145557,0.9999977366455468,0.9871953705170704,1.0,0.9984927344229692
1.0038679873401195,1.0013213227145557,0.9999977366455468,0.9871953705170704,1.0,0.9984927344229692
1.0038679873401195,1.0013213227145557,0.9999977366455468,0.9871953705170704,1.0,0.9984927344229692
1.0038679873401195,1.0013213227145557,0.9999977366455468,0.9871953705170704,1.0,0.9984927344229692
1.0038679873401195,1.0013213227145557,0.9999977366455468,0.9871953705170704,1.0,0.9984927344229692
1.0038679873401195,1.0013213227145557,0.9999977366455468,0.9871953705170704,1.0,0.9984927344229692
1.0038679873401195,1.0013213227145557,0.9999977366455468,0.9871953705170704,1.0,0.9984927344229692
1.0038679873401195,1.0013213227145557,0.9999977366455468,0.9871953705170704,1.0,0.9984927344229692
1.0038679873401195,1.0013213227145557,0.9999977366455468,0.9871953705170704,1.0,0.9984927344229692
1.0038679873401195,1.0013213227145557,0.9999977366455468,0.9871953705170704,1.0,0.9984927344229692
1.0038679873401195,1.0013213227145557,0.9999977366455468,0.9871953705170704,1.0,0.9984927344229692
1.0038679873401195,1.0013213227145557,0.9999977366455468,0.9871953705170704,1.0,0.9984927344229692
1.0038679873401195,1.0013213227145557,0.9999977366455468,0.9871953705170704,1.0,0.9984927344229692
1.0038679873401195,1.0013213227145557,0.9999977366455468,0.9871953705170704,1.0,0.9984927344229692
1.0038679873401195,1.0013213227145557,0.9999977366455468,0.9871953705170704,1.0,0.9984927344229692
1.0038679873401195,1.0013213227145557,0.9999977366455468,0.987110331810958,1.0,0.9984755320468774
1.0038679873401195,1.0013213227145557,0.9999977366455468,0.9867257087898552,1.0,0.99839772176301
1.0038679873401195,1.0013213227145557,0.9999977366455468,0.9882139854394666,1.0,0.9986988980682564
1.0038679873401195,1.0013213227145557,0.9999977366455468,0.9876663537755349,1.0,0.998588209665264
1.0038679873401195,1.0013213227145557,0.9999977366455468,0.9882665034709686,1.0,0.998709566924748
1.0038679873401195,1.0013213227145557,0.9999977366455468,0.9875535408745802,1.0,0.9985654676229155
1.0038679873401195,1.0013213227145557,0.9999977366455468,0.9877417685802631,1.0,0.9986035329387015
1.0038679873401195,1.0013213227145557,0.9999977366455468,0.9878572504323097,1.0,0.9986268832897978
1.0038679873401195,1.0013213227145557,0.9999977366455468,0.9877061555933944,1.0,0.9985963348744268
1.0038679873401195,1.0013213227145557,0.9999977366455468,0.9876103821789532,1.0,0.9985769689972177
1.0038679873401195,1.0013213227145557,0.9999977366455468,0.9872984989760385,1.0,0.9985138997162406
1.0038679873401195,1.0013213227145557,0.9999977366455468,0.9884321860550436,1.0,0.9987432127978445
1.0038679873401195,1.0013213227145557,0.9999977366455468,0.9904561881875066,1.0,0.9991522359804168
1.0038679873401195,1.0013213227145557,0.9999977366455468,0.9904766779892704,1.0,0.9991563699202096
1.0038679873401195,1.0013213227145557,0.9999977366455468,0.9919884168910952,1.0,0.9994613672183754
1.0038679873401195,1.0013213227145557,0.9999977366455468,0.9921762034716679,1.0,0.9994992074651703
1.0038679873401195,1.0013213227145557,0.9999977366455468,0.9928074275249462,1.0,0.999626384057146
1.0038679873401195,1.0013213227145557,0.9999977366455468,0.991616320536321,1.0,0.9993865264696513
1.0038679873401195,1.0013213227145557,0.9999977366455468,0.9914833586599616,1.0,0.9993597257191965
1.0038679873401195,1.0013213227145557,0.9999977366455468,0.991697957879976,1.0,0.999402986519447
1.0038679873401195,1.0013213227145557,0.9999977366455468,0.9850808504490575,1.0,0.9980692826681822
1.0038679873401195,1.0013213227145557,0.9999977366455468,0.9880474290794985,1.0,0.9986704213471675
1.0038679873401195,1.0013213227145557,0.9999977366455468,0.9892658744136199,1.0,0.9989167304370762
1.0038679873401195,1.0013213227145557,0.9999977366455468,0.9869200242892058,1.0,0.9984429833894962
1.0038679873401195,1.0013213227145557,0.9999977366455468,0.9851843844368812,1.0,0.9980918024650859
1.0038679873401195,1.0013213227145557,0.9999977366455468,0.9867099645610761,1.0,0.9984009159752097
1.0038679873401195,1.0013213227145557,0.9999977366455468,0.9861419961885057,1.0,0.9982859763954374
1.0038679873401195,1.0013213227145557,0.9999977366455468,0.9868056538100164,1.0,0.9984203424602116
1.0038679873401195,1.0013213227145557,0.9999977366455468,0.9858281737655564,1.0,0.9982225454660477
1.0038679873401195,1.0013213227145557,0.9999977366455468,0.9875662026487255,1.0,0.9985745215328757
1.0038679873401195,1.0013213227145557,0.9999977366455468,0.988103432693111,1.0,0.9986831652335384
1.0038679873401195,1.0013213227145557,0.9999977366455468,0.9889725571278286,1.0,0.9988588512827367
1.0038679873401195,1.0013213227145557,0.9999977366455468,0.9883262315932498,1.0,0.99872829397326
1.0038679873401195,1.0013213227145557,0.9999977366455468,0.9882100002658243,1.0,0.9987048030425055
1.0038679873401195,1.0013213227145557,0.9999977366455468,0.9896817354622955,1.0,0.9990022760511024
1.0038679873401195,1.0013213227145557,0.9999977366455468,0.99076843534873,1.0,0.9992216628743673
1.0038679873401195,1.0013213227145557,0.9999977366455468,0.9903180721684578,1.0,0.9991308217393788
1.0038679873401195,1.0013213227145557,0.9999977366455468,0.9892987201517004,1.0,0.9989251371120319
1.0038679873401195,1.0013213227145557,0.9999977366455468,0.9898799095404414,1.0,0.9990425060478265
1.0038679873401195,1.0013213227145557,0.9999977366455468,0.9903232667755275,1.0,0.99913199826177
1.0038679873401195,1.0013213227145557,0.9999977366455468,0.9886898130063684,1.0,0.9988024016576708
1.0038679873401195,1.0013213227145557,0.9999977366455468,0.9871491263663571,1.0,0.9984911126171645
1.0038679873401195,1.0013213227145557,0.9999977366455468,0.9879390025900249,1.0,0.9986509029402949
1.0038679873401195,1.0013213227145557,0.9999977366455468,0.9886223222285354,1.0,0.9987890486703868
1.0038679873401195,1.0013213227145557,0.9999977366455468,0.9872014604872151,1.0,0.998501953970015
1.0038679873401195,1.0013213227145557,0.9999977366455468,0.9865408344345561,1.0,0.9983683163224171
1.0038679873401195,1.0013213227145557,0.9999977366455468,0.9873121371839111,1.0,0.9985244262776001
1.0038679873401195,1.0013213227145557,0.9999977366455468,0.9871224411262759,0.9998631846075934,0.9984587335118326
1.0038679873401195,1.0013213227145557,0.9999977366455468,0.9859424347511786,1.0001906314597073,0.9982854193367687
1.0038679873401195,1.0013213227145557,0.9999977366455468,0.9857757431932687,0.99987291594288,0.9981882416004878
1.0038679873401195,1.0013213227145557,0.9999977366455468,0.985798781626944,0.9969235133063256,0.9976040206609778
1.0038679873401195,1.0013213227145557,0.9999977366455468,0.985791763450467,0.9969235133063256,0.9976026002167245
1.0038679873401195,1.0013213227145557,0.9999977366455468,0.9857372265675847,0.9969235133063256,0.9975915621581429
1.0038679873401195,1.0013213227145557,0.9999977366455468,0.985591559245437,0.9969235133063256,0.9975620783388166
1.0038679873401195,1.0013213227145557,0.9999977366455468,0.9863336347461148,0.9969235133063256,0.9977122960170822
1.0038679873401195,1.0013213227145557,0.9999977366455468,0.9868668966000199,0.9969235133063256,0.9978201787638316
1.0038679873401195,1.0013213227145557,0.9999977366455468,0.9861318720564921,0.9969235133063256,0.9976715422407207
1.0038679873401195,1.0013213227145557,0.9999977366455468,0.9848651805670472,0.9969235133063256,0.9974152393896258
1.0038679873401195,1.0013213227145557,0.9999977366455468,0.9844568821958556,0.9969235133063256,0.9973325391326404
1.0038679873401195,1.0013213227145557,0.9999977366455468,0.9833302240602758,0.9969235133063256,0.9971042604056766
1.0038679873401195,1.0013213227145557,0.9999977366455468,0.9830258815511006,0.9969235133063256,0.9970425392859354
1.0038679873401195,1.0013213227145557,0.9999977366455468,0.9840285837364416,0.9969235133063256,0.9972459391661994
1.0038679873401195,1.0013213227145557,0.9999977366455468,0.984207173316067,0.9969235133063256,0.9972821368409424
1.0038679873401195,1.0013213227145557,0.9999977366455468,0.9835232474844792,0.9969235133063256,0.9971435345154851
1.0038679873401195,1.0013213227145557,0.9999977366455468,0.9847832527388549,0.9969235133063256,0.9973990253940321
1.0038679873401195,1.0013213227145557,0.9999977366455468,0.9830352719941845,0.9969235133063256,0.9970449506702199
1.0038679873401195,1.0013213227145557,0.9999977366455468,0.9837092725228868,0.9969235133063256,0.9971816718730164
1.0038679873401195,1.0013213227145557,0.9999977366455468,0.9827554578185296,0.9969235133063256,0.9969882963365414
1.0038679873401195,1.0013213227145557,0.9999977366455468,0.9826295299705783,0.9969235133063256,0.9969627460148227
1.0038679873401195,1.0013213227145557,0.9999977366455468,0.9824181751924606,0.9969235133063256,0.9969198584700159
1.0038679873401195,1.0013213227145557,0.9999977366455468,0.983293790752078,0.9969235133063256,0.9970975666113777
1.0038679873401195,1.0013213227145557,0.9999977366455468,0.9831795339193876,0.9969235133063256,0.9970743944504395
1.0038679873401195,1.0013213227145557,0.9999977366455468,0.9835571938810715,0.9969235133063256,0.9971509939044788
1.0038679873401195,1.0013213227145557,0.9999977366455468,0.983547929192366,0.9969235133063256,0.9971491153571796
1.0038679873401195,1.0013213227145557,0.9999977366455468,0.982833876609009,0.9969235133063256,0.997004329957164
1.0038679873401195,1.0013213227145557,0.9999977366455468,0.9828114046825069,0.9969235133063256,0.9969997707720244
1.0038679873401195,1.0013213227145557,0.9999977366455468,0.9824435791783697,0.9969235133063256,0.9969251436479267
1.0038679873401195,1.0013213227145557,0.9999977366455468,0.9821543072801732,0.9969235133063256,0.9968664364743496
1.0038679873401195,1.0013213227145557,0.9999977366455468,0.9822662744127543,0.9969235133063256,0.9968891653420298
1.0038679873401195,1.0013213227145557,0.9999977366455468,0.9823979802185882,0.9969235133063256,0.9969158986411908
1.0038679873401195,1.0013213227145557,0.9999977366455468,0.9823941278407843,0.9969235133063256,0.99691511677951
1.0038679873401195,1.0013213227145557,0.9999977366455468,0.9827389112098907,0.9969235133063256,0.996985092717463
1.0038679873401195,1.0013213227145557,0.9999977366455468,0.9824489982041315,0.9969235133063256,0.9969262695770277
1.0038679873401195,1.0013213227145557,0.9999977366455468,0.9829343711850586,0.9969235133063256,0.9970247746548716
1.0038679873401195,1.0013213227145557,0.9999977366455468,0.9828503094627806,0.9967938864475424,0.9969817932996906
1.0038679873401195,1.0013213227145557,0.9999977366455468,0.9821970009384907,0.9961721086612191,0.9967248739329011
1.0038679873401195,1.0013213227145557,0.9999977366455468,0.9816381265821038,0.99690652913675,0.9967584113765895
1.0038679873401195,1.0013213227145557,0.9999977366455468,0.9813313934785243,0.9970168936567901,0.9967181894513034
1.0038679873401195,1.0013213227145557,0.9999977366455468,0.9814102170820959,0.9979106145076282,0.9969128919739059
1.0038679873401195,1.0013213227145557,0.9999977366455468,0.9813062266153405,0.9972430045804186,0.9967583768584878
1.0038679873401195,1.0013213227145557,0.9999977366455468,0.9813468459503766,0.996934915297896,0.9967050407358372
1.0038679873401195,1.0013213227145557,0.9999977366455468,0.9817147481455873,0.9979599532043372,0.9969847330278672
1.0038679873401195,1.0013213227145557,0.9999977366455468,0.9825451473879424,0.9981651403901687,0.9971943934837219
1.0038679873401195,1.0013213227145557,0.9999977366455468,0.9824219227657875,0.9984839962567104,0.9972330902699026
1.0038679873401195,1.0013213227145557,0.9999977366455468,0.981659707716877,0.998414553704786,0.9970644778914266
1.0038679873401195,1.0013213227145557,0.9999977366455468,0.9817106652215545,0.9992514291206042,0.9972419780785529
1.0038679873401195,1.0013213227145557,0.9999977366455468,0.9815569887709509,0.9988893960007869,0.9971384955183874
1.0038679873401195,1.0013213227145557,0.9999977366455468,0.9821405493330789,0.9989484134579796,0.9972688431528433
1.0038679873401195,1.0013213227145557,0.9999977366455468,0.9892541942935039,0.9975124925121965,0.9984267856589601
1.0038679873401195,1.0013213227145557,0.9999977366455468,0.9852076487935321,0.9978181233580228,0.99767115465548
1.0038679873401195,1.0013213227145557,0.9999977366455468,0.9833411811586661,0.9977077254954178,0.9972710624066046
1.0038679873401195,1.0013213227145557,0.9999977366455468,0.9846520492691434,0.997607565633872,0.9975169267406017
1.0038679873401195,1.0013213227145557,0.9999977366455468,0.9838446925111393,0.9972659688610855,0.9972850325531353
1.0038679873401195,1.0013213227145557,0.9999977366455468,0.9820266509710252,0.9977152830126201,0.997006321526205
1.0038679873401195,1.0013213227145557,0.9999977366455468,0.9812690947610744,0.9979208881891312,0.9968935909723414
1.0038679873401195,1.0013213227145557,0.9999977366455468,0.9827861210708607,0.9972659542333037,0.9970709753300493
1.0038679873401195,1.0013213227145557,0.9999977366455468,0.9826229649491014,0.9980887800509403,0.9972024027977512
1.0038679873401195,1.0013213227145557,0.9999977366455468,0.9847778493941431,0.9979927573732178,0.9976205867248149
1.0038679873401195,1.0013213227145557,0.9999977366455468,0.9842743508224692,0.9987910350754962,0.9976781697618442
1.0038679873401195,1.0013213227145557,0.9999977366455468,0.9842850470614314,0.9988886036891241,0.9976998301221444
1.0038679873401195,1.0013213227145557,0.9999977366455468,0.9852045819066405,0.9992073200177706,0.9979499109573047
1.0038679873401195,1.0013213227145557,0.9999977366455468,0.985610997361977,0.9989758166034713,0.9979860031682775
1.0038679873401195,1.0013213227145557,0.9999977366455468,0.9871333691920123,0.9983596415315108,0.998171187504093
1.0038679873401195,1.0013213227145557,0.9999977366455468,0.9888777962311032,0.9985161764963053,0.9985552751233657
1.0038679873401195,1.0013213227145557,0.9999977366455468,0.9860605191956094,0.9987573546242587,0.9980345430732159
1.0038679873401195,1.0013213227145557,0.9999977366455468,0.9866985890009649,0.9985109688479558,0.9981144651954281
1.0038679873401195,1.0013213227145557,0.9999977366455468,0.986438340915007,0.9988243391020978,0.9981244625393928
1.0038679873401195,1.0013213227145557,0.9999977366455468,0.9869985960766374,0.99867812957439,0.9982086196003301
1.0038679873401195,1.0013213227145557,0.9999977366455468,0.9871240138504362,0.9986213780054749,0.9982226430686708
1.0038679873401195,1.0013213227145557,0.9999977366455468,0.9870153907062355,0.999188865799845,0.9983141264221148
1.0038679873401195,1.0013213227145557,0.9999977366455468,0.9856570086832773,0.9992866163710556,0.9980588730348336
1.0038679873401195,1.0013213227145557,0.9999977366455468,0.98558874823431,0.9992459682202826,0.9980369295279753
1.0038679873401195,1.0013213227145557,0.9999977366455468,0.9874035377410177,0.9994564782666808,0.9984465227274811
1.0038679873401195,1.0013213227145557,0.9999977366455468,0.985211069763209,0.9991403939361223,0.9979399720948553
1.0038679873401195,1.0013213227145557,0.9999977366455468,0.983975588872499,0.999564035032285,0.9977743098624062
1.0038679873401195,1.0013213227145557,0.9999977366455468,0.9843440954240176,0.999676706049888,0.9978715385743891
1.0038679873401195,1.0013213227145557,0.9999977366455468,0.9840698322412276,0.9998643161055043,0.9978533863759159
1.0038679873401195,1.0013213227145557,0.9999977366455468,0.984171425927756,0.9995299422562425,0.9978072494401926
1.0038679873401195,1.0013213227145557,0.9999977366455468,0.9841868505396081,1.0002893653386138,0.9979619999474528
1.0038679873401195,1.0013213227145557,0.9999977366455468,0.9846251403432421,1.0005907269688938,0.9981110169017906
1.0038679873401195,1.0013213227145557,0.9999977366455468,0.9838776340121003,1.0005907269688938,0.9979594679977973
1.0038679873401195,1.0013213227145557,0.9999977366455468,0.9840941322990432,1.0005907269688938,0.9980033873852885
1.0038679873401195,1.0013213227145557,0.9999977366455468,0.9828989345560736,1.0005907269688938,0.9977609692350466
1.0038679873401195,1.0013213227145557,0.9999977366455468,0.9812325350389001,1.0005907269688938,0.9974226499350795
1.0038679873401195,1.0013213227145557,0.9999977366455468,0.982020673423674,1.0005907269688938,0.9975828784330524
1.0038679873401195,1.0013213227145557,0.9999977366455468,0.9814610837682342,1.0005907269688938,0.9974691869244472
1.0038679873401195,1.0013213227145557,0.9999977366455468,0.9830661038070896,1.0005907269688938,0.9977954266622486
1.0038679873401195,1.0013213227145557,0.9999977366455468,0.9833772140109094,1.0005907269688938,0.9978585809785976
1.0038679873401195,1.0013213227145557,0.9999977366455468,0.9833914449095356,1.0005907269688938,0.9978614690716116
1.0038679873401195,1.0013213227145557,0.9999977366455468,0.983750090104545,1.0005907269688938,0.9979342535610476
1.0038679873401195,1.0013213227145557,0.9999977366455468,0.9842254178040579,1.0005907269688938,0.9980306897998408
1.0038679873401195,1.0013213227145557,0.9999977366455468,0.9846326604872658,1.0005907269688938,0.9981132807772096
1.0038679873401195,1.0013213227145557,0.9999977366455468,0.985319012492876,1.0005907269688938,0.9982524305494198
1.0038679873401195,1.0013213227145557,0.9999977366455468,0.9845804943301881,1.0005907269688938,0.9981027881409084
1.0038679873401195,1.0013213227145557,0.9999977366455468,0.9847651153063611,1.0005907269688938,0.9981402194554893
1.0038679873401195,1.0013213227145557,0.9999977366455468,0.9847651153063611,1.0005907269688938,0.9981402194554893
1.0038679873401195,1.0013213227145557,0.9999977366455468,0.9847651153063611,1.0005907269688938,0.9981402194554893
1.0038679873401195,1.0013213227145557,0.9999977366455468,0.9847651153063611,1.0005907269688938,0.9981402194554893
1.0038679873401195,1.0013213227145557,0.9999977366455468,0.9847651153063611,1.0005907269688938,0.9981402194554893
1.0038679873401195,1.0013213227145557,0.9999977366455468,0.9847651153063611,1.0005907269688938,0.9981402194554893
1.0038679873401195,1.0013213227145557,0.9999977366455468,0.9847651153063611,1.0005907269688938,0.9981402194554893
1.0038679873401195,1.0013213227145557,0.9999977366455468,0.9847651153063611,1.0005907269688938,0.9981402194554893
1.0038679873401195,1.0013213227145557,0.9999977366455468,0.9847651153063611,1.0005907269688938,0.9981402194554893
1.0038679873401195,1.0013213227145557,0.9999977366455468,0.9847651153063611,1.0005907269688938,0.9981402194554893
1.0038679873401195,1.0013213227145557,0.9999977366455468,0.9847651153063611,1.0005907269688938,0.9981402194554893
1.0038679873401195,1.0013213227145557,0.9999977366455468,0.9847651153063611,1.0005907269688938,0.9981402194554893
1.0038679873401195,1.0013213227145557,0.9999977366455468,0.9847651153063611,1.0005907269688938,0.9981402194554893
1.0038679873401195,1.0013213227145557,0.9999977366455468,0.9847651153063611,1.0005907269688938,0.9981402194554893
1.0038679873401195,1.0013213227145557,0.9999977366455468,0.9847651153063611,1.0005907269688938,0.9981402194554893
1.0038679873401195,1.0013213227145557,0.9999977366455468,0.9847651153063611,1.0005907269688938,0.9981402194554893
1.0038679873401195,1.0013213227145557,0.9999977366455468,0.9847651153063611,1.0005907269688938,0.9981402194554893
1.0038679873401195,1.0013213227145557,0.9999977366455468,0.9847651153063611,1.0005907269688938,0.9981402194554893
1.0038679873401195,1.0013213227145557,0.9999977366455468,0.9847651153063611,1.0005907269688938,0.9981402194554893
1.0038679873401195,1.0013213227145557,0.9999977366455468,0.9847651153063611,1.0005907269688938,0.9981402194554893
1.0038679873401195,1.0013213227145557,0.9999977366455468,0.9847651153063611,1.0005907269688938,0.9981402194554893
1.0038679873401195,1.0013213227145557,0.9999977366455468,0.9847651153063611,1.0005907269688938,0.9981402194554893
1.0037882375207252,1.0013213227145557,0.9999977366455468,0.9847651153063611,1.0005907269688938,0.9981243604972925
1.0036827929321868,1.0013213227145557,0.9999977366455468,0.9847651153063611,1.0005907269688938,0.9981033905738427
1.0039619983744017,1.0013213227145557,0.9999977366455468,0.9847651153063611,1.0005907269688938,0.9981589212455856
1.0042654628039427,1.0013213227145557,0.9999977366455468,0.9847651153063611,1.0005907269688938,0.9982192633159264
1.004349832741105,1.0013213227145557,0.9999977366455468,0.9847651153063611,1.0005907269688938,0.9982360357131936
1.004477693471072,1.0013213227145557,0.9999977366455468,0.9847651153063611,1.0005907269688938,0.9982614521933969
1.0042980066230505,1.0013213227145557,0.9999977366455468,0.9847651153063611,1.0005907269688938,0.9982257372233161
1.004148823135705,1.0013213227145557,0.9999977366455468,0.9847651153063611,1.0005907269688938,0.9981960809269469
1.0035718741760198,1.0013213227145557,0.9999977366455468,0.9847651153063611,1.0005907269688938,0.9980813751827019
1.0040712588805882,1.0013213227145557,0.9999977366455468,0.9847651153063611,1.0005907269688938,0.9981807057011244
1.004056062561708,1.0013213227145557,0.9999977366455468,0.9847651153063611,1.0005907269688938,0.9981776842677013
1.0036080349999768,1.0013213227145557,0.9999977366455468,0.9847651153063611,1.0005907269688938,0.9980886033626138
1.0033794690621367,1.0013213227145557,0.9999977366455468,0.9847651153063611,1.0005907269688938,0.998043141578786
1.0034081097999183,1.0013213227145557,0.9999977366455468,0.9847651153063611,1.0005907269688938,0.9980488392620243
1.0033736062096414,1.0013213227145557,0.9999977366455468,0.9847651153063611,1.0005907269688938,0.9980419754011705
1.0035390026168216,1.0013213227145557,0.9999977366455468,0.9847651153063611,1.0005907269688938,0.998074878909081
1.0033334617601757,1.0013213227145557,0.9999977366455468,0.9847651153063611,1.0005907269688938,0.9980339945657575
1.002741827365896,1.0013213227145557,0.9999977366455468,0.9847651153063611,1.0005907269688938,0.9979162926729471
1.0023789485890038,1.0013213227145557,0.9999977366455468,0.9847651153063611,1.0005907269688938,0.9978440661767857
1.0024474888441592,1.0013213227145557,0.9999977366455468,0.9847651153063611,1.0005907269688938,0.9978577122109522
1.0025369195447775,1.0013213227145557,0.9999977366455468,0.9847651153063611,1.0005907269688938,0.9978755164581199
1.0023582916725844,1.0013213227145557,0.9999977366455468,0.9847651153063611,1.0005907269688938,0.9978399569935769
1.002436788806538,1.0013213227145557,0.9999977366455468,0.9847651153063611,1.0005907269688938,0.9978555856519956
1.0025865664497877,1.0013213227145557,0.9999977366455468,0.9847651153063611,1.0005907269688938,0.9978854042818766
1.0021724178302247,1.0013213227145557,0.9999977366455468,0.9847651153063611,1.0005907269688938,0.9978029629493284
1.0025072133005817,1.0013213227145557,0.9999977366455468,0.9847651153063611,1.0005907269688938,0.9978696301028761
1.0027254674462625,1.0013213227145557,0.9999977366455468,0.9847651153063611,1.0005907269688938,0.9979130790039372
1.0029409201869421,1.0013213227145557,0.9999977366455468,0.9847651153063611,1.0005907269688938,0.9979559627472573
1.0029767028864434,1.0013213227145557,0.9999977366455468,0.9847651153063611,1.0005907269688938,0.9979630837167205
1.0027263551724264,1.0013213227145557,0.9999977366455468,0.9847651153063611,1.0005907269688938,0.9979132644585138
1.0025402824901204,1.0013213227145557,0.9999977366455468,0.9847651153063611,1.0005907269688938,0.9978762285519839
1.0023848648327385,1.0013213227145557,0.9999977366455468,0.9847651153063611,1.0005907269688938,0.99784528962843
1.002081301863605,1.0013213227145557,0.9999977366455468,0.9847651153063611,1.0005907269688938,0.9977848519882615
1.0020746979329025,1.0013213227145557,0.9999977366455468,0.9847651153063611,1.0005907269688938,0.9977835368650262
1.0014345059291319,1.0013213227145557,0.9999977366455468,0.9847651153063611,1.0005907269688938,0.9976560467601243
1.0018265417932484,1.0013213227145557,0.9999977366455468,0.9847651153063611,1.0005907269688938,0.997734158099022
1.0020134981083018,1.0013213227145557,0.9999977366455468,0.9847651153063611,1.0005907269688938,0.9977713966216244
1.0018013364301124,1.0013213227145557,0.9999977366455468,0.9847651153063611,1.0005907269688938,0.9977291439265548
1.0017760814504117,1.0013213227145557,0.9999977366455468,0.9847651153063611,1.0005907269688938,0.9977241134622581
1.0031826639209025,1.0013213227145557,0.9999977366455468,0.9847651153063611,1.0005907269688938,0.9980042920918676
1.0031175726192276,1.0013213227145557,0.9999977366455468,0.9847651153063611,1.0005907269688938,0.9979913410310517
1.0034504888595972,1.0013213227145557,0.9999977366455468,0.9847651153063611,1.0005907269688938,0.9980575840187625
1.0035600188419305,1.0013213227145557,0.9999977366455468,0.9847651153063611,1.0005907269688938,0.9980793722845034
1.0036675809231934,1.0013213227145557,0.9999977366455468,0.9847651153063611,1.0005907269688938,0.9981007672170501
1.0030946193654886,1.0013213227145557,0.9999977366455468,0.9847651153063611,1.0005907269688938,0.9979868104885075
1.0030307471287745,1.0013213227145557,0.9999977366455468,0.9847651153063611,1.0005907269688938,0.997974101089301
1.0029995620805174,1.0013213227145557,0.9999977366455468,0.9847651153063611,1.0005907269688938,0.9979678955227037
1.0037811097160203,1.0013213227145557,0.9999977366455468,0.9847651153063611,1.0005907269688938,0.9981234209044767
1.0040787169746992,1.0013213227145557,0.9999977366455468,0.9847651153063611,1.0005907269688938,0.9981826068708678
1.0044495574074017,1.0013213227145557,0.9999977366455468,0.9847651153063611,1.0005907269688938,0.9982563394305946
1.0044141710417844,1.0013213227145557,0.9999977366455468,0.9847651153063611,1.0005907269688938,0.9982493057944012
1.0045998768395061,1.0013213227145557,0.9999977366455468,0.9847651153063611,1.0005907269688938,0.9982862189899738
1.0051512390103088,1.0013213227145557,0.9999977366455468,0.9847651153063611,1.0005907269688938,0.9983957983895884
1.0047597075865111,1.0013213227145557,0.9999977366455468,0.9847651153063611,1.0005907269688938,0.9983180183872791
1.0045225838605254,1.0013213227145557,0.9999977366455468,0.9847651153063611,1.0005907269688938,0.9982708976903698
1.0046185306148419,1.0013213227145557,0.9999977366455468,0.9847651153063611,1.0005907269688938,0.9982899676155462
1.0046551048937011,1.0013213227145557,0.9999977366455468,0.9847651153063611,1.0005907269688938,0.998297236391613
1.004245491963035,1.0013213227145557,0.9999977366455468,0.9847651153063611,1.0005907269688938,0.9982158322451189
1.0042774437587096,1.0013213227145557,0.9999977366455468,0.9847651153063611,1.0005907269688938,0.9982221842354572
1.0046726269486916,1.0013213227145557,0.9999977366455468,0.9847651153063611,1.0005907269688938,0.9983007443245099
1.0043602723036045,1.0013213227145557,0.9999977366455468,0.9847651153063611,1.0005907269688938,0.9982386696015962
1.004434065788818,1.0013213227145557,0.9999977366455468,0.9847651153063611,1.0005907269688938,0.998253338343986
1.0046675697092269,1.0013213227145557,0.9999977366455468,0.9847651153063611,1.0005907269688938,0.99829975175747
1.0042586286707864,1.0013213227145557,0.9999977366455468,0.9847651153063611,1.0005907269688938,0.9982184819425646
1.0038110507858997,1.0013213227145557,0.9999977366455468,0.9847651153063611,1.0005907269688938,0.9981295047599849
1.004349903727146,1.0013213227145557,0.9999977366455468,0.9847651153063611,1.0005907269688938,0.9982366653693374
1.0042549917813488,1.0013213227145557,0.9999977366455468,0.9847651153063611,1.0005907269688938,0.9982177985214541
1.0045023125402175,1.0013213227145557,0.9999977366455468,0.9847651153063611,1.0005907269688938,0.9982669653138458
1.0046114684572394,1.0013213227145557,0.9999977366455468,0.9847651153063611,1.0005907269688938,0.9982886609823717
1.0047181410232142,1.0013213227145557,0.9999977366455468,0.9847651153063611,1.0005907269688938,0.9983098612207513
1.0046466335112596,1.0013213227145557,0.9999977366455468,0.9847651153063611,1.0005907269688938,0.9982956509360116
1.0047517791407898,1.0013213227145557,0.9999977366455468,0.9847651153063611,1.0005907269688938,0.9983165471240191
1.0047534353188279,1.0013213227145557,0.9999977366455468,0.9847651153063611,1.0005907269688938,0.9983168762381296
1.0049176194020073,1.0013213227145557,0.9999977366455468,0.9847651153063611,1.0005907269688938,0.9983495026985698
1.0049176194020073,1.0013213227145557,0.9999977366455468,0.9847651153063611,1.0005907269688938,0.9983495026985698
1.0049176194020073,1.0013213227145557,0.9999977366455468,0.9847651153063611,1.0005907269688938,0.9983495026985698
1.0049176194020073,1.0013213227145557,0.9999977366455468,0.9847651153063611,1.0005907269688938,0.9983495026985698
1.0049176194020073,1.0013213227145557,0.9999977366455468,0.9847651153063611,1.0005907269688938,0.9983495026985698
1.0049176194020073,1.0013213227145557,0.9999977366455468,0.9847651153063611,1.0005907269688938,0.9983495026985698
1.0049176194020073,1.0013213227145557,0.9999977366455468,0.9847651153063611,1.0005907269688938,0.9983495026985698
1.0049176194020073,1.0013213227145557,0.9999977366455468,0.9847651153063611,1.0005907269688938,0.9983495026985698
1.0049176194020073,1.0013213227145557,0.9999977366455468,0.9847651153063611,1.0005907269688938,0.9983495026985698
1.0049176194020073,1.0013213227145557,0.9999977366455468,0.9847651153063611,1.0005907269688938,0.9983495026985698
1.0049176194020073,1.0013213227145557,0.9999977366455468,0.9847651153063611,1.0005907269688938,0.9983495026985698
1.0049176194020073,1.0013213227145557,0.9999977366455468,0.9847651153063611,1.0005907269688938,0.9983495026985698
1.0049176194020073,1.0013213227145557,0.9999977366455468,0.9847651153063611,1.0005907269688938,0.9983495026985698
1.0049176194020073,1.0013213227145557,0.9999977366455468,0.9847651153063611,1.0005907269688938,0.9983495026985698
1.0049176194020073,1.0013213227145557,0.9999977366455468,0.9847651153063611,1.0005907269688938,0.9983495026985698
1.0049176194020073,1.0013213227145557,0.9999977366455468,0.9847651153063611,1.0005907269688938,0.9983495026985698
1.0049176194020073,1.0013213227145557,0.9999977366455468,0.9847651153063611,1.0005907269688938,0.9983495026985698
1.0049176194020073,1.0013213227145557,0.9999977366455468,0.9847651153063611,1.0005907269688938,0.9983495026985698
1.0049176194020073,1.0013213227145557,0.9999977366455468,0.9847651153063611,1.0005907269688938,0.9983495026985698
1.0049176194020073,1.0013213227145557,0.9999977366455468,0.9847651153063611,1.0005907269688938,0.9983495026985698
1.0049176194020073,1.0013213227145557,0.9999977366455468,0.9847651153063611,1.0005907269688938,0.9983495026985698
1.0049176194020073,1.0013213227145557,0.9999977366455468,0.9847651153063611,1.0005907269688938,0.9983495026985698
1.0049176194020073,1.0013213227145557,0.9999977366455468,0.9847651153063611,1.0005907269688938,0.9983495026985698
1.0049176194020073,1.0013213227145557,0.9999977366455468,0.9847651153063611,1.0005907269688938,0.9983495026985698
1.0049176194020073,1.0013213227145557,0.9999977366455468,0.9847651153063611,1.0005907269688938,0.9983495026985698
1.0049176194020073,1.0013213227145557,0.9999977366455468,0.9847651153063611,1.0005907269688938,0.9983495026985698
1.0049176194020073,1.0013213227145557,0.9999977366455468,0.9847651153063611,1.0005907269688938,0.9983495026985698
1.0049176194020073,1.0013213227145557,0.9999977366455468,0.9847651153063611,1.0005907269688938,0.9983495026985698
1.0049176194020073,1.0013213227145557,0.9999977366455468,0.9847651153063611,1.0005907269688938,0.9983495026985698
1.0049176194020073,1.0013213227145557,0.9999977366455468,0.9847651153063611,1.0005907269688938,0.9983495026985698
1.0049176194020073,1.0013213227145557,0.9999977366455468,0.9847651153063611,1.0005907269688938,0.9983495026985698
1.0049176194020073,1.0013213227145557,0.9999977366455468,0.9847651153063611,1.0005907269688938,0.9983495026985698
1.0049176194020073,1.0013213227145557,0.9999977366455468,0.9847651153063611,1.0005907269688938,0.9983495026985698
1.0049176194020073,1.0013213227145557,0.9999977366455468,0.9847651153063611,1.0005907269688938,0.9983495026985698
1.0049176194020073,1.0013213227145557,0.9999977366455468,0.9847651153063611,1.0005907269688938,0.9983495026985698
1.0049176194020073,1.0013213227145557,0.9999977366455468,0.9847651153063611,1.0005907269688938,0.9983495026985698
1.0049176194020073,1.0013213227145557,0.9999977366455468,0.9847651153063611,1.0005907269688938,0.9983495026985698
1.0049176194020073,1.0013213227145557,0.9999977366455468,0.9847651153063611,1.0005907269688938,0.9983495026985698
1.0049176194020073,1.0013213227145557,0.9999977366455468,0.9847651153063611,1.0005907269688938,0.9983495026985698
1.0049176194020073,1.0013213227145557,0.9999977366455468,0.9847651153063611,1.0005907269688938,0.9983495026985698
1.0049176194020073,1.0013213227145557,0.9999977366455468,0.9847651153063611,1.0005907269688938,0.9983495026985698
1.0049176194020073,1.0013213227145557,0.9999977366455468,0.9847651153063611,1.0005907269688938,0.9983495026985698
1.0049176194020073,1.0013213227145557,0.9999977366455468,0.9847651153063611,1.0005907269688938,0.9983495026985698
1.0049176194020073,1.0013213227145557,0.9999977366455468,0.9847651153063611,1.0005907269688938,0.9983495026985698
1.0049176194020073,1.0013213227145557,0.9999977366455468,0.9847651153063611,1.0005907269688938,0.9983495026985698
1.0049176194020073,1.0013213227145557,0.9999977366455468,0.9847651153063611,1.0005907269688938,0.9983495026985698
1.0049176194020073,1.0013213227145557,0.9999977366455468,0.9847651153063611,1.0005907269688938,0.9983495026985698
1.0049176194020073,1.0013213227145557,0.9999977366455468,0.9847651153063611,1.0005907269688938,0.9983495026985698
1.0049176194020073,1.0013213227145557,0.9999977366455468,0.9847651153063611,1.0005907269688938,0.9983495026985698
1.0049176194020073,1.0013213227145557,0.9999977366455468,0.9847651153063611,1.0005907269688938,0.9983495026985698
1.0049176194020073,1.0013213227145557,0.9999977366455468,0.9847651153063611,1.0005907269688938,0.9983495026985698
1.0049176194020073,1.0013213227145557,0.9999977366455468,0.9847651153063611,1.0005907269688938,0.9983495026985698
1.0049176194020073,1.0013213227145557,0.9999977366455468,0.9847651153063611,1.0005907269688938,0.9983495026985698
1.0049176194020073,1.0013213227145557,0.9999977366455468,0.9847651153063611,1.0005907269688938,0.9983495026985698
1.0049176194020073,1.0013213227145557,0.9999977366455468,0.9847651153063611,1.0005907269688938,0.9983495026985698
1.0049176194020073,1.0013213227145557,0.9999977366455468,0.9847651153063611,1.0005907269688938,0.9983495026985698
1.0049176194020073,1.0013213227145557,0.9999977366455468,0.9847651153063611,1.0005907269688938,0.9983495026985698
1.0049176194020073,1.0013213227145557,0.9999977366455468,0.9847651153063611,1.0005907269688938,0.9983495026985698
1.0049176194020073,1.0013213227145557,0.9999977366455468,0.9847651153063611,1.0005907269688938,0.9983495026985698
1.0049176194020073,1.0013213227145557,0.9999977366455468,0.9847651153063611,1.0005907269688938,0.9983495026985698
1.0049176194020073,1.0013213227145557,0.9999977366455468,0.9847651153063611,1.0005907269688938,0.9983495026985698
1.0049176194020073,1.0013213227145557,0.9999977366455468,0.9847651153063611,1.0005907269688938,0.9983495026985698
1.0049176194020073,1.0013213227145557,0.9999977366455468,0.9847651153063611,1.0005907269688938,0.9983495026985698
1.0049176194020073,1.0013213227145557,0.9999977366455468,0.9847651153063611,1.0005907269688938,0.9983495026985698
1.0049176194020073,1.0013213227145557,0.9999977366455468,0.9847651153063611,1.0005907269688938,0.9983495026985698
1.0049176194020073,1.0013213227145557,0.9999977366455468,0.9847651153063611,1.0005907269688938,0.9983495026985698
1.0049176194020073,1.0013213227145557,0.9999977366455468,0.9847651153063611,1.0005907269688938,0.9983495026985698
1.0049176194020073,1.0013213227145557,0.9999977366455468,0.9847651153063611,1.0005907269688938,0.9983495026985698
1.0049176194020073,1.0013213227145557,0.9999977366455468,0.9847651153063611,1.0005907269688938,0.9983495026985698
1.0049176194020073,1.0013213227145557,0.9999977366455468,0.9847651153063611,1.0005907269688938,0.9983495026985698
1.0049176194020073,1.0013213227145557,0.9999977366455468,0.9847651153063611,1.0005907269688938,0.9983495026985698
1.0049176194020073,1.0013213227145557,0.9999977366455468,0.9847651153063611,1.0005907269688938,0.9983495026985698
1.0049176194020073,1.0013213227145557,0.9999977366455468,0.9847651153063611,1.0005907269688938,0.9983495026985698
1.0049176194020073,1.0013213227145557,0.9999977366455468,0.9847651153063611,1.0005907269688938,0.9983495026985698
1.0049176194020073,1.0013213227145557,0.9999977366455468,0.9847651153063611,1.0005907269688938,0.9983495026985698
1.0049176194020073,1.0013213227145557,0.9999977366455468,0.9847651153063611,1.0005907269688938,0.9983495026985698
1.0049176194020073,1.0013213227145557,0.9999977366455468,0.9847651153063611,1.0005907269688938,0.9983495026985698
1.0049176194020073,1.0013213227145557,0.9999977366455468,0.9847651153063611,1.0005907269688938,0.9983495026985698
1.0049176194020073,1.0013213227145557,0.9999977366455468,0.9847651153063611,1.0005907269688938,0.9983495026985698
1.0049176194020073,1.0013213227145557,0.9999977366455468,0.9847651153063611,1.0005907269688938,0.9983495026985698
1.0049176194020073,1.0013213227145557,0.9999977366455468,0.9847651153063611,1.0005907269688938,0.9983495026985698
1.0049176194020073,1.0013213227145557,0.9999977366455468,0.9847651153063611,1.0005907269688938,0.9983495026985698
1.0049176194020073,1.0013213227145557,0.9999977366455468,0.9847651153063611,1.0005907269688938,0.9983495026985698
1.0049176194020073,1.0013213227145557,0.9999977366455468,0.9847651153063611,1.0005907269688938,0.9983495026985698
1.0049176194020073,1.0013213227145557,0.9999977366455468,0.9847651153063611,1.0005907269688938,0.9983495026985698
1.0049176194020073,1.0013213227145557,0.9999977366455468,0.9847651153063611,1.0005907269688938,0.9983495026985698
1.0049176194020073,1.0013213227145557,0.9999977366455468,0.9847651153063611,1.0005907269688938,0.9983495026985698
1.0049176194020073,1.0013213227145557,0.9999977366455468,0.9847651153063611,1.0005907269688938,0.9983495026985698
1.0049176194020073,1.0013213227145557,0.9999977366455468,0.9847651153063611,1.0005907269688938,0.9983495026985698
1.0049176194020073,1.0013213227145557,0.9999977366455468,0.9847651153063611,1.0005907269688938,0.9983495026985698
1.0049176194020073,1.0013213227145557,0.9999977366455468,0.9847651153063611,1.0005907269688938,0.9983495026985698
1.0049176194020073,1.0013213227145557,0.9999977366455468,0.9847651153063611,1.0005907269688938,0.9983495026985698
1.0049176194020073,1.0013213227145557,0.9999977366455468,0.9847651153063611,1.0005907269688938,0.9983495026985698
1.0049176194020073,1.0013213227145557,0.9999977366455468,0.9847651153063611,1.0005907269688938,0.9983495026985698
1.0049176194020073,1.0013213227145557,0.9999977366455468,0.9847651153063611,1.0005907269688938,0.9983495026985698
1.0049176194020073,1.0013213227145557,0.9999977366455468,0.9847651153063611,1.0005907269688938,0.9983495026985698
1.0049176194020073,1.0013213227145557,0.9999977366455468,0.9847651153063611,1.0005907269688938,0.9983495026985698
1.0049176194020073,1.0013213227145557,0.9999977366455468,0.9847651153063611,1.0005907269688938,0.9983495026985698
1.0049176194020073,1.0013213227145557,0.9999977366455468,0.9847651153063611,1.0005907269688938,0.9983495026985698
1.0049176194020073,1.0013213227145557,0.9999977366455468,0.9847651153063611,1.0005907269688938,0.9983495026985698
1.0049176194020073,1.0013213227145557,0.9999977366455468,0.9847651153063611,1.0005907269688938,0.9983495026985698
1.0049176194020073,1.0013213227145557,0.9999977366455468,0.9847651153063611,1.0005907269688938,0.9983495026985698
1.0049176194020073,1.0013213227145557,0.9999977366455468,0.9847651153063611,1.0005907269688938,0.9983495026985698
1.0049176194020073,1.0013213227145557,0.9999977366455468,0.9847651153063611,1.0005907269688938,0.9983495026985698
1.0049176194020073,1.0013213227145557,0.9999977366455468,0.9847651153063611,1.0005907269688938,0.9983495026985698
1.0049176194020073,1.0013213227145557,0.9999977366455468,0.9847651153063611,1.0005907269688938,0.9983495026985698
1.0049176194020073,1.0013213227145557,0.9999977366455468,0.9847651153063611,1.0005907269688938,0.9983495026985698
1.0049176194020073,1.0013213227145557,0.9999977366455468,0.9847651153063611,1.0005907269688938,0.9983495026985698
1.0049176194020073,1.0013213227145557,0.9999977366455468,0.9847651153063611,1.0005907269688938,0.9983495026985698
1.0049176194020073,1.0013213227145557,0.9999977366455468,0.9847651153063611,1.0005907269688938,0.9983495026985698
1.0049176194020073,1.0013213227145557,0.9999977366455468,0.9847651153063611,1.0005907269688938,0.9983495026985698
1.0049176194020073,1.0013213227145557,0.9999977366455468,0.9847651153063611,1.0005907269688938,0.9983495026985698
1.0049176194020073,1.0013213227145557,0.9999977366455468,0.9847651153063611,1.0005907269688938,0.9983495026985698
1.0049176194020073,1.0013213227145557,0.9999977366455468,0.9847651153063611,1.0005907269688938,0.9983495026985698
1.0049176194020073,1.0013213227145557,0.9999977366455468,0.9847651153063611,1.0005907269688938,0.9983495026985698
1.0049176194020073,1.0013213227145557,0.9999977366455468,0.9847651153063611,1.0005907269688938,0.9983495026985698
1.0049176194020073,1.0013213227145557,0.9999977366455468,0.9847651153063611,1.0005907269688938,0.9983495026985698
1.0049176194020073,1.0013213227145557,0.9999977366455468,0.9847651153063611,1.0005907269688938,0.9983495026985698
1.0049176194020073,1.0013213227145557,0.9999977366455468,0.9847651153063611,1.0005907269688938,0.9983495026985698
1.0049176194020073,1.0013213227145557,0.9999977366455468,0.9847651153063611,1.0005907269688938,0.9983495026985698
1.0049176194020073,1.0013213227145557,0.9999977366455468,0.9847651153063611,1.0005907269688938,0.9983495026985698
1.0049176194020073,1.0013213227145557,0.9999977366455468,0.9847651153063611,1.0005907269688938,0.9983495026985698
1.0049176194020073,1.0013213227145557,0.9999977366455468,0.9847651153063611,1.0005907269688938,0.9983495026985698
1.0049176194020073,1.0013213227145557,0.9999977366455468,0.9847651153063611,1.0005907269688938,0.9983495026985698
1.0049176194020073,1.0013213227145557,0.9999977366455468,0.9847651153063611,1.0005907269688938,0.9983495026985698
1.0049176194020073,1.0013213227145557,0.9999977366455468,0.9847651153063611,1.0005907269688938,0.9983495026985698
1.0049176194020073,1.0013213227145557,0.9999977366455468,0.9847651153063611,1.0005907269688938,0.9983495026985698
1.0049176194020073,1.0013213227145557,0.9999977366455468,0.9847651153063611,1.0005907269688938,0.9983495026985698
1.0049176194020073,1.0013213227145557,0.9999977366455468,0.9847651153063611,1.0005907269688938,0.9983495026985698
1.0049176194020073,1.0013213227145557,0.9999977366455468,0.9847651153063611,1.0005907269688938,0.9983495026985698
1.0049176194020073,1.0013213227145557,0.9999977366455468,0.9847651153063611,1.0005907269688938,0.9983495026985698
1.0049176194020073,1.0013213227145557,0.9999977366455468,0.9847651153063611,1.0005907269688938,0.9983495026985698
1.0049176194020073,1.0013213227145557,0.9999977366455468,0.9847651153063611,1.0005907269688938,0.9983495026985698
1.0049176194020073,1.0013213227145557,0.9999977366455468,0.9847651153063611,1.0005907269688938,0.9983495026985698
1.0049176194020073,1.0013213227145557,0.9999977366455468,0.9847651153063611,1.0005907269688938,0.9983495026985698
1.0049176194020073,1.0013213227145557,0.9999977366455468,0.9847651153063611,1.0005907269688938,0.9983495026985698
1.0049176194020073,1.0013213227145557,0.9999977366455468,0.9847651153063611,1.0005907269688938,0.9983495026985698
1.0049176194020073,1.0013213227145557,0.9999977366455468,0.9847651153063611,1.0005907269688938,0.9983495026985698
1.0049176194020073,1.0013213227145557,0.9999977366455468,0.9847651153063611,1.0005907269688938,0.9983495026985698
1.0049176194020073,1.0013213227145557,0.9999977366455468,0.9847651153063611,1.0005907269688938,0.9983495026985698
1.0049176194020073,1.0013213227145557,0.9999977366455468,0.9847651153063611,1.0005907269688938,0.9983495026985698
1.0049176194020073,1.0013213227145557,0.9999977366455468,0.9847651153063611,1.0005907269688938,0.9983495026985698
1.0049176194020073,1.0013213227145557,0.9999977366455468,0.9847651153063611,1.0005907269688938,0.9983495026985698
1.0049176194020073,1.0013213227145557,0.9999977366455468,0.9847651153063611,1.0005907269688938,0.9983495026985698
1.0049176194020073,1.0013213227145557,0.9999977366455468,0.9847651153063611,1.0005907269688938,0.9983495026985698
1.0049176194020073,1.0013213227145557,0.9999977366455468,0.9847651153063611,1.0005907269688938,0.9983495026985698
1.0049176194020073,1.0013213227145557,0.9999977366455468,0.9847651153063611,1.0005907269688938,0.9983495026985698
1.0049176194020073,1.0013213227145557,0.9999977366455468,0.9847651153063611,1.0005907269688938,0.9983495026985698
1.0049176194020073,1.0013213227145557,0.9999977366455468,0.9847651153063611,1.0005907269688938,0.9983495026985698
1.0049176194020073,1.0013213227145557,0.9999977366455468,0.9847651153063611,1.0005907269688938,0.9983495026985698
1.0049176194020073,1.0013213227145557,0.9999977366455468,0.9847651153063611,1.0005907269688938,0.9983495026985698
1.0049176194020073,1.0013213227145557,0.9999977366455468,0.9847651153063611,1.0005907269688938,0.9983495026985698
1.0049176194020073,1.0013213227145557,0.9999977366455468,0.9847651153063611,1.0005907269688938,0.9983495026985698
1.0049176194020073,1.0013213227145557,0.9999977366455468,0.9847651153063611,1.0005907269688938,0.9983495026985698
1.0049176194020073,1.0013213227145557,0.9999977366455468,0.9847651153063611,1.0005907269688938,0.9983495026985698
1.0049176194020073,1.0013213227145557,0.9999977366455468,0.9847651153063611,1.0005907269688938,0.9983495026985698
1.0049176194020073,1.0013213227145557,0.9999977366455468,0.9847651153063611,1.0005907269688938,0.9983495026985698
1.0049176194020073,1.0013213227145557,0.9999977366455468,0.9847651153063611,1.0005907269688938,0.9983495026985698
1.0049176194020073,1.0013213227145557,0.9999977366455468,0.9847651153063611,1.0005907269688938,0.9983495026985698
1.0049176194020073,1.0013213227145557,0.9999977366455468,0.9847651153063611,1.0005907269688938,0.9983495026985698
1.0049176194020073,1.0013213227145557,0.9999977366455468,0.9847651153063611,1.0005907269688938,0.9983495026985698
1.0049176194020073,1.0013213227145557,0.9999977366455468,0.9847651153063611,1.0005907269688938,0.9983495026985698
1.0049176194020073,1.0013213227145557,0.9999977366455468,0.9847651153063611,1.0005907269688938,0.9983495026985698
1.0049176194020073,1.0013213227145557,0.9999977366455468,0.9847651153063611,1.0005907269688938,0.9983495026985698
1.0049176194020073,1.0013213227145557,0.9999977366455468,0.9847651153063611,1.0005907269688938,0.9983495026985698
1.0049176194020073,1.0013213227145557,0.9999977366455468,0.9847651153063611,1.0005907269688938,0.9983495026985698
1.0049176194020073,1.0013213227145557,0.9999977366455468,0.9847651153063611,1.0005907269688938,0.9983495026985698
1.0049176194020073,1.0013213227145557,0.9999977366455468,0.9847651153063611,1.0005907269688938,0.9983495026985698
1.0049176194020073,1.0013213227145557,0.9999977366455468,0.9847651153063611,1.0005907269688938,0.9983495026985698
1.0049176194020073,1.0013213227145557,0.9999977366455468,0.9847651153063611,1.0005907269688938,0.9983495026985698
1.0049176194020073,1.0013213227145557,0.9999977366455468,0.9847651153063611,1.0005907269688938,0.9983495026985698
1.0049176194020073,1.0013213227145557,0.9999977366455468,0.9847651153063611,1.0005907269688938,0.9983495026985698
1.0049176194020073,1.0013213227145557,0.9999977366455468,0.9847651153063611,1.0005907269688938,0.9983495026985698
1.0049176194020073,1.0013213227145557,0.9999977366455468,0.9847651153063611,1.0005907269688938,0.9983495026985698
1.0049176194020073,1.0013213227145557,0.9999977366455468,0.9847651153063611,1.0005907269688938,0.9983495026985698
1.0049176194020073,1.0013213227145557,0.9999977366455468,0.9847651153063611,1.0005907269688938,0.9983495026985698
1.0049176194020073,1.0013213227145557,0.9999977366455468,0.9847651153063611,1.0005907269688938,0.9983495026985698
1.0049176194020073,1.0013213227145557,0.9999977366455468,0.9847651153063611,1.0005907269688938,0.9983495026985698
1.0049176194020073,1.0013213227145557,0.9999977366455468,0.9847651153063611,1.0005907269688938,0.9983495026985698
1.0049176194020073,1.0013213227145557,0.9999977366455468,0.9847651153063611,1.0005907269688938,0.9983495026985698
1.0049176194020073,1.0013213227145557,0.9999977366455468,0.9847651153063611,1.0005907269688938,0.9983495026985698
1.0049176194020073,1.0013213227145557,0.9999977366455468,0.9847651153063611,1.0005907269688938,0.9983495026985698
1.0049176194020073,1.0013213227145557,0.9999977366455468,0.9847651153063611,1.0005907269688938,0.9983495026985698
1.0049176194020073,1.0013213227145557,0.9999977366455468,0.9847651153063611,1.0005907269688938,0.9983495026985698
1.0049176194020073,1.0013213227145557,0.9999977366455468,0.9847651153063611,1.0005907269688938,0.9983495026985698
1.0049176194020073,1.0013213227145557,0.9999977366455468,0.9847651153063611,1.0005907269688938,0.9983495026985698
1.0049176194020073,1.0013213227145557,0.9999977366455468,0.9847651153063611,1.0005907269688938,0.9983495026985698
1.0049176194020073,1.0013213227145557,0.9999977366455468,0.9847651153063611,1.0005907269688938,0.9983495026985698
1.0049176194020073,1.0013213227145557,0.9999977366455468,0.9847651153063611,1.0005907269688938,0.9983495026985698
1.0049176194020073,1.0013213227145557,0.9999977366455468,0.9847651153063611,1.0005907269688938,0.9983495026985698
1.0049176194020073,1.0013213227145557,0.9999977366455468,0.9847651153063611,1.0005907269688938,0.9983495026985698
1.0049176194020073,1.0013213227145557,0.9999977366455468,0.9847651153063611,1.0005907269688938,0.9983495026985698
1.0049176194020073,1.0013213227145557,0.9999977366455468,0.9847651153063611,1.0005907269688938,0.9983495026985698
1.0049176194020073,1.0013213227145557,0.9999977366455468,0.9847651153063611,1.0005907269688938,0.9983495026985698
1.0049176194020073,1.0013213227145557,0.9999977366455468,0.9847651153063611,1.0005907269688938,0.9983495026985698
1.0049176194020073,1.0013213227145557,0.9999977366455468,0.9847651153063611,1.0005907269688938,0.9983495026985698
1.0049176194020073,1.0013213227145557,0.9999977366455468,0.9847651153063611,1.0005907269688938,0.9983495026985698
1.0049176194020073,1.0013213227145557,0.9999977366455468,0.9847651153063611,1.0005907269688938,0.9983495026985698
1.0049176194020073,1.0013213227145557,0.9999977366455468,0.9847651153063611,1.0005907269688938,0.9983495026985698
1.0049176194020073,1.0013213227145557,0.9999977366455468,0.9847651153063611,1.0005907269688938,0.9983495026985698
1.0049176194020073,1.0013213227145557,0.9999977366455468,0.9847651153063611,1.0005907269688938,0.9983495026985698
1.0049176194020073,1.0013213227145557,0.9999977366455468,0.9847651153063611,1.0005907269688938,0.9983495026985698
1.0049176194020073,1.0013213227145557,0.9999977366455468,0.9847651153063611,1.0005907269688938,0.9983495026985698
1.0049176194020073,1.0013213227145557,0.9999977366455468,0.9847651153063611,1.0005907269688938,0.9983495026985698
1.0049176194020073,1.0013213227145557,0.9999977366455468,0.9847651153063611,1.0005907269688938,0.9983495026985698
1.0049176194020073,1.0013213227145557,0.9999977366455468,0.9847651153063611,1.0005907269688938,0.9983495026985698
1.0049176194020073,1.0013213227145557,0.9999977366455468,0.9847651153063611,1.0005907269688938,0.9983495026985698
1.0049176194020073,1.0013213227145557,0.9999977366455468,0.9847651153063611,1.0005907269688938,0.9983495026985698
1.0049176194020073,1.0013213227145557,0.9999977366455468,0.9847651153063611,1.0005907269688938,0.9983495026985698
1.0049176194020073,1.0013213227145557,0.9999977366455468,0.9847651153063611,1.0005907269688938,0.9983495026985698
1.0049176194020073,1.0013213227145557,0.9999977366455468,0.9847651153063611,1.0005907269688938,0.9983495026985698
1.0049176194020073,1.0013213227145557,0.9999977366455468,0.9847651153063611,1.0005907269688938,0.9983495026985698
1.0049176194020073,1.0013213227145557,0.9999977366455468,0.9847651153063611,1.0005907269688938,0.9983495026985698
1.0049176194020073,1.0013213227145557,0.9999977366455468,0.9847651153063611,1.0005907269688938,0.9983495026985698
1.0049176194020073,1.0013213227145557,0.9999977366455468,0.9847651153063611,1.0005907269688938,0.9983495026985698
1.0049176194020073,1.0013213227145557,0.9999977366455468,0.9847651153063611,1.0005907269688938,0.9983495026985698
1.0049176194020073,1.0013213227145557,0.9999977366455468,0.9847651153063611,1.0005907269688938,0.9983495026985698
1.0049176194020073,1.0013213227145557,0.9999977366455468,0.9847651153063611,1.0005907269688938,0.9983495026985698
1.0049176194020073,1.0013213227145557,0.9999977366455468,0.9847651153063611,1.0005907269688938,0.9983495026985698
1.0049176194020073,1.0013213227145557,0.9999977366455468,0.9847651153063611,1.0005907269688938,0.9983495026985698
1.0049176194020073,1.0013213227145557,0.9999977366455468,0.9847651153063611,1.0005907269688938,0.9983495026985698
1.0049176194020073,1.0013213227145557,0.9999977366455468,0.9847651153063611,1.0005907269688938,0.9983495026985698
1.0049176194020073,1.0013213227145557,0.9999977366455468,0.9847651153063611,1.0005907269688938,0.9983495026985698
1.0049176194020073,1.0013213227145557,0.9999977366455468,0.9847651153063611,1.0005907269688938,0.9983495026985698
1.0049176194020073,1.0013213227145557,0.9999977366455468,0.9847651153063611,1.0005907269688938,0.9983495026985698
1.0049176194020073,1.0013213227145557,0.9999977366455468,0.9847651153063611,1.0005907269688938,0.9983495026985698
1.0049176194020073,1.0013213227145557,0.9999977366455468,0.9847651153063611,1.0005907269688938,0.9983495026985698
1.0049176194020073,1.0013213227145557,0.9999977366455468,0.9847651153063611,1.0005907269688938,0.9983495026985698
1.0049176194020073,1.0013213227145557,0.9999977366455468,0.9847651153063611,1.0005907269688938,0.9983495026985698
1.0049176194020073,1.0013213227145557,0.9999977366455468,0.9847651153063611,1.0005907269688938,0.9983495026985698
1.0049176194020073,1.0013213227145557,0.9999977366455468,0.9847651153063611,1.0005907269688938,0.9983495026985698
1.0049176194020073,1.0013213227145557,0.9999977366455468,0.9847651153063611,1.0005907269688938,0.9983495026985698
1.0049176194020073,1.0013213227145557,0.9999977366455468,0.9847651153063611,1.0005907269688938,0.9983495026985698
1.0049176194020073,1.0013213227145557,0.9999977366455468,0.9847651153063611,1.0005907269688938,0.9983495026985698
1.0049176194020073,1.0013213227145557,0.9999977366455468,0.9847651153063611,1.0005907269688938,0.9983495026985698
1.0049176194020073,1.0013213227145557,0.9999977366455468,0.9847651153063611,1.0005907269688938,0.9983495026985698
1.0048455472063103,1.0013213227145557,0.9999977366455468,0.9847651153063611,1.0005907269688938,0.9983351824718482
1.005113614824684,1.0013213227145557,0.9999977366455468,0.9847651153063611,1.0005907269688938,0.9983884486350806
1.0056647912428442,1.0013213227145557,0.9999977366455468,0.9847651153063611,1.0005907269688938,0.9984979463398047
1.0068537614552222,1.0013213227145557,0.9999977366455468,0.9847651153063611,1.0005907269688938,0.9987340457490028
1.0072686546007408,1.0013213227145557,0.9999977366455468,0.9847651153063611,1.0005907269688938,0.9988163552016046
1.0075210346581267,1.0013213227145557,0.9999977366455468,0.9847651153063611,1.0005907269688938,0.998866407653429
1.0079072202654755,1.0013213227145557,0.9999977366455468,0.9847651153063611,1.0005907269688938,0.9989429813063913
1.007018524578004,1.0013213227145557,0.9999977366455468,0.9847651153063611,1.0005907269688938,0.9987668229652925
1.0066415521348655,1.0013213227145557,0.9999977366455468,0.9847651153063611,1.0005907269688938,0.9986920462734662
1.006724607874732,1.0013213227145557,0.9999977366455468,0.9847651153063611,1.0005907269688938,0.9987085262422547
1.006350273692048,1.0013213227145557,0.9999977366455468,0.9847651153063611,1.0005907269688938,0.9986342555356511
1.006239019592281,1.0013213227145557,0.9999977366455468,0.9847651153063611,1.0005907269688938,0.9986121753200442
1.0055360042554289,1.0013213227145557,0.9999977366455468,0.9847651153063611,1.0005907269688938,0.9984726379613953
1.005032037289039,1.0013213227145557,0.9999977366455468,0.9847651153063611,1.0005907269688938,0.9983725525891666
1.0051629298983509,1.0013213227145557,0.9999977366455468,0.9847651153063611,1.0005907269688938,0.9983985576484334
1.0053267643975803,1.0013213227145557,0.9999977366455468,0.9847651153063611,1.0005907269688938,0.9984311040392438
1.0052498022512137,1.0013213227145557,0.9999977366455468,0.9847651153063611,1.0005907269688938,0.9984158171885428
1.0051096336380454,1.0013213227145557,0.9999977366455468,0.9847651153063611,1.0005907269688938,0.9983879740474355
1.0056135706452072,1.0013213227145557,0.9999977366455468,0.9847651153063611,1.0005907269688938,0.9984880874342322
1.0062791867500733,1.0013213227145557,0.9999977366455468,0.9847651153063611,1.0005907269688938,0.9986202673830542
1.0058532082636267,1.0013213227145557,0.9999977366455468,0.9847651153063611,1.0005907269688938,0.9985357201210943
1.005767228827498,1.0013213227145557,0.9999977366455468,0.9847651153063611,1.0005907269688938,0.998518649332342
1.0057698202218102,1.0013213227145557,0.9999977366455468,0.9847651153063611,1.0005907269688938,0.9985191638759611
1.0061093630837277,1.0013213227145557,0.9999977366455468,0.9847651153063611,1.0005907269688938,0.9985865828912797
1.0062752640229249,1.0013213227145557,0.9999977366455468,0.9847651153063611,1.0005907269688938,0.9986195149875409
1.006402578944106,1.0013213227145557,0.9999977366455468,0.9847651153063611,1.0005907269688938,0.9986447842492203
1.006756602604516,1.0013213227145557,0.9999977366455468,0.9847651153063611,1.0005907269688938,0.9987150431872172
1.0070583028964613,1.0013213227145557,0.9999977366455468,0.9847651153063611,1.0005907269688938,0.9987749012739324
1.0072195579247543,1.0013213227145557,0.9999977366455468,0.9847651153063611,1.0005907269688938,0.9988068870039544
1.0071633795600572,1.0013213227145557,0.9999977366455468,0.9847651153063611,1.0005907269688938,0.9987957451755182
1.0070278754651993,1.0013213227145557,0.9999977366455468,0.9847651153063611,1.0005907269688938,0.9987688695134073
1.0068537465516105,1.0013213227145557,0.9999977366455468,0.9847651153063611,1.0005907269688938,0.9987343293497412
1.0067516465769208,1.0013213227145557,0.9999977366455468,0.9847651153063611,1.0005907269688938,0.998714074024656
1.006468432689738,1.0013213227145557,0.9999977366455468,0.9847651153063611,1.0005907269688938,0.9986578834644417
1.0065517923245553,1.0013213227145557,0.9999977366455468,0.9847651153063611,1.0005907269688938,0.9986744260113848
1.006626901999383,1.0013213227145557,0.9999977366455468,0.9847651153063611,1.0005907269688938,0.9986893303833145
1.006615917124622,1.0013213227145557,0.9999977366455468,0.9847651153063611,1.0005907269688938,0.9986871507322049
1.0067012170456704,1.0013213227145557,0.9999977366455468,0.9847651153063611,1.0005907269688938,0.998704076340803
1.0065775244050812,1.0013213227145557,0.9999977366455468,0.9847651153063611,1.0005907269688938,0.9986795343332484
1.006231285321091,1.0013213227145557,0.9999977366455468,0.9847651153063611,1.0005907269688938,0.9986108298611568
1.0060648840965511,1.0013213227145557,0.9999977366455468,0.9847651153063611,1.0005907269688938,0.9985778016563391
1.0059731373376617,1.0013213227145557,0.9999977366455468,0.9847651153063611,1.0005907269688938,0.998559588859481
1.0055358793177271,1.0013213227145557,0.9999977366455468,0.9847651153063611,1.0005907269688938,0.9984727817326492
1.0059057871378618,1.0013213227145557,0.9999977366455468,0.9847651153063611,1.0005907269688938,0.9985462436344572
1.0061118405051594,1.0013213227145557,0.9999977366455468,0.9847651153063611,1.0005907269688938,0.9985871527968329
1.0060226362019127,1.0013213227145557,0.9999977366455468,0.9847651153063611,1.0005907269688938,0.9985694453675769
1.005967464803625,1.0013213227145557,0.9999977366455468,0.9847651153063611,1.0005907269688938,0.9985584928361714
1.0060296898179244,1.0013213227145557,0.9999977366455468,0.9847651153063611,1.0005907269688938,0.9985708461813182
1.0067014294731518,1.0013213227145557,0.9999977366455468,0.9847651153063611,1.0005907269688938,0.9987041980381715
1.006704634111283,1.0013213227145557,0.9999977366455468,0.9847651153063611,1.0005907269688938,0.9987048338742718
1.0072553965948219,1.0013213227145557,0.9999977366455468,0.9847651153063611,1.0005907269688938,0.9988141110417723
1.0071318249705528,1.0013213227145557,0.9999977366455468,0.9847651153063611,1.0005907269688938,0.998789603834869
1.0075121030397545,1.0013213227145557,0.9999977366455468,0.9847651153063611,1.0005907269688938,0.9988650294688661
1.0073747005077545,1.0013213227145557,0.9999977366455468,0.9847651153063611,1.0005907269688938,0.9988377848166657
1.0070533012438831,1.0013213227145557,0.9999977366455468,0.9847651153063611,1.0005907269688938,0.998774049698322
1.0069570102855792,1.0013213227145557,0.9999977366455468,0.9847651153063611,1.0005907269688938,0.9987549498333484
1.0078544868964183,1.0013213227145557,0.9999977366455468,0.9847651153063611,1.0005907269688938,0.9989329830955989
1.0080050092245383,1.0013213227145557,0.9999977366455468,0.9847651153063611,1.0005907269688938,0.9989628210772136
1.007374290236974,1.0013213227145557,0.9999977366455468,0.9847651153063611,1.0005907269688938,0.9988378088375207
1.0076345730253369,1.0013213227145557,0.9999977366455468,0.9847651153063611,1.0005907269688938,0.9988894242683544
1.0072838683739769,1.0013213227145557,0.9999977366455468,0.9847651153063611,1.0005907269688938,0.9988198920834407
1.0075552247456234,1.0013213227145557,0.9999977366455468,0.9847651153063611,1.0005907269688938,0.9988737073286469
1.0084885267962704,1.0013213227145557,0.9999977366455468,0.9847651153063611,1.0005907269688938,0.9990587593945767
1.0088471804926118,1.0013213227145557,0.9999977366455468,0.9847651153063611,1.0005907269688938,0.9991298194230049
1.0082742226432964,1.0013213227145557,0.9999977366455468,0.9847651153063611,1.0005907269688938,0.9990163316156159
1.0082829130735342,1.0013213227145557,0.9999977366455468,0.9847651153063611,1.0005907269688938,0.9990180537427003
1.0077006364765895,1.0013213227145557,0.9999977366455468,0.9847651153063611,1.0005907269688938,0.9989026685020942
1.0080462979476044,1.0013213227145557,0.9999977366455468,0.9847651153063611,1.0005907269688938,0.9989711972205045
1.007671356952137,1.0013213227145557,0.9999977366455468,0.9847651153063611,1.0005907269688938,0.998896884114868
1.0077758721799195,1.0013213227145557,0.9999977366455468,0.9847651153063611,1.0005907269688938,0.9989176051435356
1.0082743659635647,1.0013213227145557,0.9999977366455468,0.9847651153063611,1.0005907269688938,0.9990164275563923
1.0080603855144659,1.0013213227145557,0.9999977366455468,0.9847651153063611,1.0005907269688938,0.9989740244187064
1.0080635379019471,1.0013213227145557,0.9999977366455468,0.9847651153063611,1.0005907269688938,0.9989746492132632
1.008032576558782,1.0013213227145557,0.9999977366455468,0.9847651153063611,1.0005907269688938,0.998968512775278
1.008313152443141,1.0013213227145557,0.9999977366455468,0.9847651153063611,1.0005907269688938,0.9990241233736727
1.0082587577023416,1.0013213227145557,0.9999977366455468,0.9847651153063611,1.0005907269688938,0.9990133446472202
1.0076991596928637,1.0013213227145557,0.9999977366455468,0.9847651153063611,1.0005907269688938,0.9989024513125806
1.0078119624143247,1.0013213227145557,0.9999977366455468,0.9847651153063611,1.0005907269688938,0.9989248149146336
1.007528617427846,1.0013213227145557,0.9999977366455468,0.9847651153063611,1.0005907269688938,0.9988686456392666
1.0078776277812336,1.0013213227145557,0.9999977366455468,0.9847651153063611,1.0005907269688938,0.9989378477429035
1.0078268174485527,1.0013213227145557,0.9999977366455468,0.9847651153063611,1.0005907269688938,0.9989277758129445
1.0083891466470596,1.0013213227145557,0.9999977366455468,0.9847651153063611,1.0005907269688938,0.9990392485869992
1.0083795250192373,1.0013213227145557,0.9999977366455468,0.9847651153063611,1.0005907269688938,0.9990373421039986
1.00805845728424,1.0013213227145557,0.9999977366455468,0.9847651153063611,1.0005907269688938,0.9989737234666407
1.0081894878471709,1.0013213227145557,0.9999977366455468,0.9847651153063611,1.0005907269688938,0.9989996934068547
1.008448847454802,1.0013213227145557,0.9999977366455468,0.9847651153063611,1.0005907269688938,0.9990510925082398
1.0085581420588399,1.0013213227145557,0.9999977366455468,0.9847651153063611,1.0005907269688938,0.9990727477253278
1.0081875002052902,1.0013213227145557,0.9999977366455468,0.9847651153063611,1.0005907269688938,0.9989993165249625
1.0088687215062,1.0013213227145557,0.9999977366455468,0.9847651153063611,1.0005907269688938,0.999134319114039
1.0088687215062,1.0013213227145557,0.9999977366455468,0.9847651153063611,1.0005907269688938,0.999134319114039
1.0088687215062,1.0013213227145557,0.9999977366455468,0.9847651153063611,1.0005907269688938,0.999134319114039
1.0088687215062,1.0013213227145557,0.9999977366455468,0.9847651153063611,1.0005907269688938,0.999134319114039
1.0088687215062,1.0013213227145557,0.9999977366455468,0.9847651153063611,1.0005907269688938,0.999134319114039
1.0088687215062,1.0013213227145557,0.9999977366455468,0.9847651153063611,1.0005907269688938,0.999134319114039
1.0088687215062,1.0013213227145557,0.9999977366455468,0.9847651153063611,1.0005907269688938,0.999134319114039
1.0088687215062,1.0013213227145557,0.9999977366455468,0.9847651153063611,1.0005907269688938,0.999134319114039
1.0088687215062,1.0013213227145557,0.9999977366455468,0.9847651153063611,1.0005907269688938,0.999134319114039
1.0088687215062,1.0013213227145557,0.9999977366455468,0.9847651153063611,1.0005907269688938,0.999134319114039
1.0088687215062,1.0013213227145557,0.9999977366455468,0.9847651153063611,1.0005907269688938,0.999134319114039
1.0088687215062,1.0013213227145557,0.9999977366455468,0.9847651153063611,1.0005907269688938,0.999134319114039
1.0088687215062,1.0013213227145557,0.9999977366455468,0.9847651153063611,1.0005907269688938,0.999134319114039
1.0088687215062,1.0013213227145557,0.9999977366455468,0.9847651153063611,1.0005907269688938,0.999134319114039
1.0088687215062,1.0013213227145557,0.9999977366455468,0.9847651153063611,1.0005907269688938,0.999134319114039
1.0088687215062,1.0013213227145557,0.9999977366455468,0.9847651153063611,1.0005907269688938,0.999134319114039
1.0088687215062,1.0013213227145557,0.9999977366455468,0.9847651153063611,1.0005907269688938,0.999134319114039
1.0088687215062,1.0013213227145557,0.9999977366455468,0.9847651153063611,1.0005907269688938,0.999134319114039
1.0088687215062,1.0013213227145557,0.9999977366455468,0.9847651153063611,1.0005907269688938,0.999134319114039
1.0088687215062,1.0013213227145557,0.9999977366455468,0.9847651153063611,1.0005907269688938,0.999134319114039
1.0088687215062,1.0013213227145557,0.9999977366455468,0.9847651153063611,1.0005907269688938,0.999134319114039
1.0088687215062,1.0013213227145557,0.9999977366455468,0.9847651153063611,1.0005907269688938,0.999134319114039
1.0088687215062,1.0013213227145557,0.9999977366455468,0.9847651153063611,1.0005907269688938,0.999134319114039
1.0088687215062,1.0013213227145557,0.9999977366455468,0.9847651153063611,1.0005907269688938,0.999134319114039
1.0088687215062,1.0013213227145557,0.9999977366455468,0.9847651153063611,1.0005907269688938,0.999134319114039
1.0088687215062,1.0013213227145557,0.9999977366455468,0.9847651153063611,1.0005907269688938,0.999134319114039
1.0088687215062,1.0013213227145557,0.9999977366455468,0.9847651153063611,1.0005907269688938,0.999134319114039
1.0088687215062,1.0013213227145557,0.9999977366455468,0.9847651153063611,1.0005907269688938,0.999134319114039
1.0088687215062,1.0013213227145557,0.9999977366455468,0.9847651153063611,1.0005907269688938,0.999134319114039
1.0088687215062,1.0013213227145557,0.9999977366455468,0.9847651153063611,1.0005907269688938,0.999134319114039
1.0088687215062,1.0013213227145557,0.9998930381749213,0.9847651153063611,1.0005907269688938,0.9991133974996539
1.0088687215062,1.0013213227145557,0.9998025113052194,0.9847651153063611,1.0005907269688938,0.9990953062429094
1.0088687215062,1.0013213227145557,0.9996946715308097,0.9847651153063611,1.0005907269688938,0.9990737535440073
1.0088687215062,1.0013213227145557,0.9997231524547718,0.9847651153063611,1.0005907269688938,0.999079446190856
1.0088687215062,1.0013213227145557,0.9996224376510429,0.9847651153063611,1.0005907269688938,0.9990593161998509
1.0088687215062,1.0013213227145557,0.9996245002417237,0.9847651153063611,1.0005907269688938,0.9990597284856015
1.0088687215062,1.0013213227145557,0.9998412281447898,0.9847651153063611,1.0005907269688938,0.9991030495766592
1.0088687215062,1.0013213227145557,0.9998229055658487,0.9847651153063611,1.0005907269688938,0.9990993877663675
1.0088687215062,1.0013213227145557,0.9999052632868183,0.9847651153063611,1.0005907269688938,0.9991158473909952
1.0088687215062,1.0013213227145557,0.9998421904277447,0.9847651153063611,1.0005907269688938,0.9991032427782676
1.0088687215062,1.0013213227145557,0.9997403870333846,0.9847651153063611,1.0005907269688938,0.9990828971472461
1.0088687215062,1.0013213227145557,0.9999696073520775,0.9847651153063611,1.0005907269688938,0.9991287110611491
1.0088687215062,1.0013213227145557,0.999972577819895,0.9847651153063611,1.0005907269688938,0.9991293046551263
1.0088687215062,1.0013213227145557,0.9999115087344258,0.9847651153063611,1.0005907269688938,0.9991171011378991
1.0088687215062,1.0013213227145557,0.9999451818525344,0.9847651153063611,1.0005907269688938,0.9991238304110112
1.0088687215062,1.0013213227145557,1.0002620484060387,0.9847651153063611,1.0005907269688938,0.9991871516670984
1.0088687215062,1.0013213227145557,1.0005055135500136,0.9847651153063611,1.0005907269688938,0.9992357923696276
1.0088687215062,1.0013213227145557,1.0005229117413612,0.9847651153063611,1.0005907269688938,0.9992392675919589
1.0088687215062,1.0013213227145557,1.0005430550783916,0.9847651153063611,1.0005907269688938,0.9992432910906923
1.0088687215062,1.0013213227145557,1.0007068783282822,0.9847651153063611,1.0005907269688938,0.9992760131774725
1.0088687215062,1.0013213227145557,1.000881022467821,0.9847651153063611,1.0005907269688938,0.9993107922052268
1.0088687215062,1.0013213227145557,1.0007620394439267,0.9847651153063611,1.0005907269688938,0.9992870329337054
1.0088687215062,1.0013213227145557,1.00086871790199,0.9847651153063611,1.0005907269688938,0.9993083371789974
1.0088687215062,1.0013213227145557,1.001061312543294,0.9847651153063611,1.0005907269688938,0.9993467960552334
1.0088687215062,1.0013213227145557,1.0012339057041297,0.9847651153063611,1.0005907269688938,0.9993812555673813
1.0088687215062,1.0013213227145557,1.0011199526910037,0.9847651153063611,1.0005907269688938,0.9993585071357342
1.0088687215062,1.0013213227145557,1.0011151576940502,0.9847651153063611,1.0005907269688938,0.9993575498236789
1.0088687215062,1.0013213227145557,1.0012389748307169,0.9847651153063611,1.0005907269688938,0.9993822697750999
1.0088687215062,1.0013213227145557,1.0012592367172786,0.9847651153063611,1.0005907269688938,0.9993863146376535
1.0088687215062,1.0013213227145557,1.0010743786027776,0.9847651153063611,1.0005907269688938,0.9993494121726361
1.0088687215062,1.0013213227145557,1.0009752109241787,0.9847651153063611,1.0005907269688938,0.9993296128123822
1.0088687215062,1.0013213227145557,1.0009397181987834,0.9847651153063611,1.0005907269688938,0.9993225259372749
1.0088687215062,1.0013213227145557,1.0010718115393176,0.9847651153063611,1.0005907269688938,0.9993489019214271
1.0088687215062,1.0013213227145557,1.0010768807141133,0.9847651153063611,1.0005907269688938,0.9993499140115104
1.0088687215062,1.0013213227145557,1.0012060733136514,0.9847651153063611,1.0005907269688938,0.9993757079571557
1.0088687215062,1.0013213227145557,1.0009251392532847,0.9847651153063611,1.0005907269688938,0.9993196238635906
1.0088687215062,1.0013213227145557,1.0008946991317553,0.9847651153063611,1.0005907269688938,0.9993135456046671
1.0088687215062,1.0013213227145557,1.0008939811119943,0.9847651153063611,1.0005907269688938,0.9993134022275718
1.0088687215062,1.0013213227145557,1.00092468689347,0.9847651153063611,1.0005907269688938,0.9993195336859546
1.0088687215062,1.0013213227145557,1.0006916465271627,0.9847651153063611,1.0005907269688938,0.9992730003566767
1.0088687215062,1.0013213227145557,1.0006002329702581,0.9847651153063611,1.0005907269688938,0.9992547435640676
1.0088687215062,1.0013213227145557,1.0006410712833984,0.9847651153063611,1.0005907269688938,0.9992629002437845
1.0088687215062,1.0013213227145557,1.000613719198749,0.9847651153063611,1.0005907269688938,0.9992574373611948
1.0088687215062,1.0013213227145557,1.00047513140501,0.9847651153063611,1.0005907269688938,0.9992297573722112
1.0088687215062,1.0013213227145557,1.000347411516397,0.9847651153063611,1.0005907269688938,0.9992042451911876
1.0088687215062,1.0013213227145557,1.0005192532893321,0.9847651153063611,1.0005907269688938,0.9992385742706735
1.0088687215062,1.0013213227145557,1.0006412522219719,0.9847651153063611,1.0005907269688938,0.9992629428251243
1.0088687215062,1.0013213227145557,1.000746202895833,0.9847651153063611,1.0005907269688938,0.9992839040475366
1.0088687215062,1.0013213227145557,1.0006269643586805,0.9847651153063611,1.0005907269688938,0.9992600911865787
1.0088687215062,1.0013213227145557,1.0007834910668294,0.9847651153063611,1.0005907269688938,0.9992913537645881
1.0088687215062,1.0013213227145557,1.0007044232881515,0.9847651153063611,1.0005907269688938,0.9992755637863762
1.0088687215062,1.0013213227145557,1.0006959836048754,0.9847651153063611,1.0005907269688938,0.9992738782598475
1.0088687215062,1.0013213227145557,1.0006647510890212,0.9847651153063611,1.0005907269688938,0.999267640633684
1.0088687215062,1.0013213227145557,1.0006158931545808,0.9847651153063611,1.0005907269688938,0.9992578826897129
1.0088687215062,1.0013213227145557,1.000666704614155,0.9847651153063611,1.0005907269688938,0.9992680311896234
1.0088687215062,1.0013213227145557,1.0007003176363676,0.9847651153063611,1.0005907269688938,0.9992747443976023
1.0088687215062,1.0013213227145557,1.000590508965378,0.9847651153063611,1.0005907269688938,0.9992528139495548
1.0088687215062,1.0013213227145557,1.000640349401907,0.9847651153063611,1.0005907269688938,0.9992627687104692
1.0088687215062,1.0013213227145557,1.0007353530403615,0.9847651153063611,1.0005907269688938,0.999281743279875
1.0088687215062,1.0013213227145557,1.000821728478261,0.9847651153063611,1.0005907269688938,0.9992989932746711
1.0088687215062,1.0013213227145557,1.0008062344920536,0.9847651153063611,1.0005907269688938,0.999295899192203
1.0088687215062,1.0013213227145557,1.0006679035748884,0.9847651153063611,1.0005907269688938,0.9992682747603218
1.0088687215062,1.0013213227145557,1.000800220244598,0.9847651153063611,1.0005907269688938,0.9992947010801408
1.0088687215062,1.0013213227145557,1.000838917764159,0.9847651153063611,1.0005907269688938,0.9993024289413983
1.0088687215062,1.0013213227145557,1.0007380595378799,0.9847651153063611,1.0005907269688938,0.9992822882636708
1.0088687215062,1.0013213227145557,1.0007479866752726,0.9847651153063611,1.0005907269688938,0.9992842708029527
1.0088687215062,1.0013213227145557,1.0007724075133662,0.9847651153063611,1.0005907269688938,0.999289147826881
1.0088687215062,1.0013213227145557,1.0009131149754076,0.9847651153063611,1.0005907269688938,0.9993172476103644
1.0088687215062,1.0013213227145557,1.0010507401958857,0.9847651153063611,1.0005907269688938,0.9993447287682138
1.0088687215062,1.0013213227145557,1.0010110869550217,0.9847651153063611,1.0005907269688938,0.999336811635616
1.0088687215062,1.0013213227145557,1.001138604257976,0.9847651153063611,1.0005907269688938,0.9993622724395218
1.0088687215062,1.0013213227145557,1.0009818726768256,0.9847651153063611,1.0005907269688938,0.9993309817414237
1.0088687215062,1.0013213227145557,1.001050400249979,0.9847651153063611,1.0005907269688938,0.9993446646519388
1.0088687215062,1.0013213227145557,1.0010240607102803,0.9847651153063611,1.0005907269688938,0.9993394057202285
1.0088687215062,1.0013213227145557,1.000944384059412,0.9847651153063611,1.0005907269688938,0.9993234972081251
1.0088687215062,1.0013213227145557,1.0014690189903233,0.9847651153063611,1.0005907269688938,0.9994282542799995
1.0088687215062,1.0013213227145557,1.001535381453673,0.9847651153063611,1.0005907269688938,0.9994414997263663
1.0088687215062,1.0013213227145557,1.0017603417069798,0.9847651153063611,1.0005907269688938,0.9994863977134184
1.0088687215062,1.0013213227145557,1.0017276073450858,0.9847651153063611,1.0005907269688938,0.9994798657021002
1.0088687215062,1.0013213227145557,1.001794622313197,0.9847651153063611,1.0005907269688938,0.9994932386212126
1.0088687215062,1.0013213227145557,1.001794622313197,0.9847651153063611,1.0005907269688938,0.9994932386212126
1.0088687215062,1.0013213227145557,1.001794622313197,0.9847651153063611,1.0005907269688938,0.9994932386212126
1.0088687215062,1.0013213227145557,1.001794622313197,0.9847651153063611,1.0005907269688938,0.9994932386212126
1.0088687215062,1.0013213227145557,1.001794622313197,0.9847651153063611,1.0005907269688938,0.9994932386212126
1.0088687215062,1.0013213227145557,1.001794622313197,0.9847651153063611,1.0005907269688938,0.9994932386212126
1.0088687215062,1.0013213227145557,1.001794622313197,0.9847651153063611,1.0005907269688938,0.9994932386212126
1.0088687215062,1.0013213227145557,1.001794622313197,0.9847651153063611,1.0005907269688938,0.9994932386212126
1.0088687215062,1.0013213227145557,1.001794622313197,0.9847651153063611,1.0005907269688938,0.9994932386212126
1.0088687215062,1.0013213227145557,1.001794622313197,0.9847651153063611,1.0005907269688938,0.9994932386212126
1.0088687215062,1.0013213227145557,1.001794622313197,0.9847651153063611,1.0005907269688938,0.9994932386212126
1.0088687215062,1.0013213227145557,1.001794622313197,0.9847651153063611,1.0005907269688938,0.9994932386212126
1.0088687215062,1.0013213227145557,1.001794622313197,0.9847651153063611,1.0005907269688938,0.9994932386212126
1.0088687215062,1.0013213227145557,1.001794622313197,0.9847651153063611,1.0005907269688938,0.9994932386212126
1.0088687215062,1.0013213227145557,1.001794622313197,0.9847651153063611,1.0005907269688938,0.9994932386212126
1.0088687215062,1.0013213227145557,1.001794622313197,0.9847651153063611,1.0005907269688938,0.9994932386212126
1.0088687215062,1.0013213227145557,1.001794622313197,0.9847651153063611,1.0005907269688938,0.9994932386212126
1.0088687215062,1.0013213227145557,1.001794622313197,0.9847651153063611,1.0005907269688938,0.9994932386212126
1.0088687215062,1.0013213227145557,1.001794622313197,0.9847651153063611,1.0005907269688938,0.9994932386212126
1.0088687215062,1.0013213227145557,1.001794622313197,0.9847651153063611,1.0005907269688938,0.9994932386212126
1.0088687215062,1.0013213227145557,1.001794622313197,0.9847651153063611,1.0005907269688938,0.9994932386212126
1.0088687215062,1.0013213227145557,1.001794622313197,0.9847651153063611,1.0005907269688938,0.9994932386212126
1.0088687215062,1.0013213227145557,1.001794622313197,0.9847651153063611,1.0005907269688938,0.9994932386212126
1.0088687215062,1.0013213227145557,1.001794622313197,0.9847651153063611,1.0005907269688938,0.9994932386212126
1.0088687215062,1.0013213227145557,1.001794622313197,0.9847651153063611,1.0005907269688938,0.9994932386212126
1.0088687215062,1.0013213227145557,1.001794622313197,0.9847651153063611,1.0005907269688938,0.9994932386212126
1.0088687215062,1.0013213227145557,1.001794622313197,0.9847651153063611,1.0005907269688938,0.9994932386212126
1.0088687215062,1.0013213227145557,1.001794622313197,0.9847651153063611,1.0005907269688938,0.9994932386212126
1.0088687215062,1.0013213227145557,1.001794622313197,0.9847651153063611,1.0005907269688938,0.9994932386212126
1.0088687215062,1.0013213227145557,1.001794622313197,0.9847651153063611,1.0005907269688938,0.9994932386212126
1.0088687215062,1.0013213227145557,1.001794622313197,0.9847651153063611,1.0005907269688938,0.9994932386212126
1.0088687215062,1.0013213227145557,1.001794622313197,0.9847651153063611,1.0005907269688938,0.9994932386212126
1.0088687215062,1.0013213227145557,1.001794622313197,0.9847651153063611,1.0005907269688938,0.9994932386212126
1.0088687215062,1.0013213227145557,1.001794622313197,0.9847651153063611,1.0005907269688938,0.9994932386212126
1.0088687215062,1.0013213227145557,1.001794622313197,0.9847651153063611,1.0005907269688938,0.9994932386212126
1.0088687215062,1.0013213227145557,1.001794622313197,0.9847651153063611,1.0005907269688938,0.9994932386212126
1.0088687215062,1.0013213227145557,1.001794622313197,0.9847651153063611,1.0005907269688938,0.9994932386212126
1.0088687215062,1.0013213227145557,1.001794622313197,0.9847651153063611,1.0005907269688938,0.9994932386212126
1.0088687215062,1.0013213227145557,1.001794622313197,0.9847651153063611,1.0005907269688938,0.9994932386212126
1.0088687215062,1.0013213227145557,1.001794622313197,0.9847651153063611,1.0005907269688938,0.9994932386212126
1.0088687215062,1.0013213227145557,1.001794622313197,0.9847651153063611,1.0005907269688938,0.9994932386212126
1.0088687215062,1.0013213227145557,1.001794622313197,0.9847651153063611,1.0005907269688938,0.9994932386212126
1.0088687215062,1.0013213227145557,1.001794622313197,0.9847651153063611,1.0005907269688938,0.9994932386212126
1.0088687215062,1.0013213227145557,1.001794622313197,0.9847651153063611,1.0005907269688938,0.9994932386212126
1.0088687215062,1.0013213227145557,1.001794622313197,0.9847651153063611,1.0005907269688938,0.9994932386212126
1.0088687215062,1.0013213227145557,1.001794622313197,0.9847651153063611,1.0005907269688938,0.9994932386212126
1.0088687215062,1.0013213227145557,1.001794622313197,0.9847651153063611,1.0005907269688938,0.9994932386212126
1.0088687215062,1.0013213227145557,1.001794622313197,0.9847651153063611,1.0005907269688938,0.9994932386212126
1.0088687215062,1.0013213227145557,1.001794622313197,0.9847651153063611,1.0005907269688938,0.9994932386212126
1.0088687215062,1.0013213227145557,1.001794622313197,0.9847651153063611,1.0005907269688938,0.9994932386212126
1.0088687215062,1.0013213227145557,1.001794622313197,0.9847651153063611,1.0005907269688938,0.9994932386212126
1.0088687215062,1.0013213227145557,1.001794622313197,0.9847651153063611,1.0005907269688938,0.9994932386212126
1.0088687215062,1.0013213227145557,1.001794622313197,0.9847651153063611,1.0005907269688938,0.9994932386212126
1.0088687215062,1.0013213227145557,1.001794622313197,0.9847651153063611,1.0005907269688938,0.9994932386212126
1.0088687215062,1.0013213227145557,1.001794622313197,0.9847651153063611,1.0005907269688938,0.9994932386212126
1.0088687215062,1.0013213227145557,1.001794622313197,0.9847651153063611,1.0005907269688938,0.9994932386212126
1.0088687215062,1.0013213227145557,1.001794622313197,0.9847651153063611,1.0005907269688938,0.9994932386212126
1.0088687215062,1.0013213227145557,1.001794622313197,0.9847651153063611,1.0005907269688938,0.9994932386212126
1.0088687215062,1.0013213227145557,1.001794622313197,0.9847651153063611,1.0005907269688938,0.9994932386212126
1.0088687215062,1.0013213227145557,1.001794622313197,0.9847651153063611,1.0005907269688938,0.9994932386212126
1.0088687215062,1.0013213227145557,1.001794622313197,0.9847651153063611,1.0005907269688938,0.9994932386212126
1.0088687215062,1.0013213227145557,1.001794622313197,0.9847651153063611,1.0005907269688938,0.9994932386212126
1.0088687215062,1.0013213227145557,1.001794622313197,0.9847651153063611,1.0005907269688938,0.9994932386212126
1.0088687215062,1.0013213227145557,1.001794622313197,0.9847651153063611,1.0005907269688938,0.9994932386212126
1.0088687215062,1.0013213227145557,1.001794622313197,0.9847651153063611,1.0005907269688938,0.9994932386212126
1.0088687215062,1.0013213227145557,1.001794622313197,0.9847651153063611,1.0005907269688938,0.9994932386212126
1.0088687215062,1.0013213227145557,1.001794622313197,0.9847651153063611,1.0005907269688938,0.9994932386212126
1.0088687215062,1.0013213227145557,1.001794622313197,0.9847651153063611,1.0005907269688938,0.9994932386212126
1.0088687215062,1.0013213227145557,1.001794622313197,0.9847651153063611,1.0005907269688938,0.9994932386212126
1.0088687215062,1.0013213227145557,1.001794622313197,0.9847651153063611,1.0005907269688938,0.9994932386212126
1.0088687215062,1.0013213227145557,1.001794622313197,0.9847651153063611,1.0005907269688938,0.9994932386212126
1.0088687215062,1.0013213227145557,1.001794622313197,0.9847651153063611,1.0005907269688938,0.9994932386212126
1.0088687215062,1.0013213227145557,1.001794622313197,0.9847651153063611,1.0005907269688938,0.9994932386212126
1.0088687215062,1.0013213227145557,1.001794622313197,0.9847651153063611,1.0005907269688938,0.9994932386212126
1.0088687215062,1.0013213227145557,1.001794622313197,0.9847651153063611,1.0005907269688938,0.9994932386212126
1.0088687215062,1.0013213227145557,1.001794622313197,0.9847651153063611,1.0005907269688938,0.9994932386212126
1.0088687215062,1.0013213227145557,1.001794622313197,0.9847651153063611,1.0005907269688938,0.9994932386212126
1.0088687215062,1.0013213227145557,1.001794622313197,0.9847651153063611,1.0005907269688938,0.9994932386212126
1.0088687215062,1.0013213227145557,1.001794622313197,0.9847651153063611,1.0005907269688938,0.9994932386212126
1.0088687215062,1.0013213227145557,1.001794622313197,0.9847651153063611,1.0005907269688938,0.9994932386212126
1.0088687215062,1.0013213227145557,1.001794622313197,0.9847651153063611,1.0005907269688938,0.9994932386212126
1.0088687215062,1.0013213227145557,1.001794622313197,0.9847651153063611,1.0005907269688938,0.9994932386212126
1.0088687215062,1.0013213227145557,1.001794622313197,0.9847651153063611,1.0005907269688938,0.9994932386212126
1.0088687215062,1.0013213227145557,1.001794622313197,0.9847651153063611,1.0005907269688938,0.9994932386212126
1.0088687215062,1.0013213227145557,1.001794622313197,0.9847651153063611,1.0005907269688938,0.9994932386212126
1.0088687215062,1.0013213227145557,1.001794622313197,0.9847651153063611,1.0005907269688938,0.9994932386212126
1.0088687215062,1.0013213227145557,1.001794622313197,0.9847651153063611,1.0005907269688938,0.9994932386212126
1.0088687215062,1.0013213227145557,1.001794622313197,0.9847651153063611,1.0005907269688938,0.9994932386212126
1.0088687215062,1.0013213227145557,1.001794622313197,0.9847651153063611,1.0005907269688938,0.9994932386212126
1.0088687215062,1.0013213227145557,1.001794622313197,0.9847651153063611,1.0005907269688938,0.9994932386212126
1.0088687215062,1.0013213227145557,1.001794622313197,0.9847651153063611,1.0005907269688938,0.9994932386212126
1.0088687215062,1.0013213227145557,1.001794622313197,0.9847651153063611,1.0005907269688938,0.9994932386212126
1.0088687215062,1.0013213227145557,1.001794622313197,0.9847651153063611,1.0005907269688938,0.9994932386212126
1.0088687215062,1.0013213227145557,1.001794622313197,0.9847651153063611,1.0005907269688938,0.9994932386212126
1.0088687215062,1.0013213227145557,1.00168040015098,0.9847651153063611,1.0005907269688938,0.9994704466683925
1.0088687215062,1.0013213227145557,1.0016098180131487,0.9847651153063611,1.0005907269688938,0.9994563613851396
1.0088687215062,1.0013213227145557,1.001596347555593,0.9847651153063611,1.0005907269688938,0.9994536730859132
1.0088687215062,1.0013213227145557,1.0017375278973866,0.9847651153063611,1.0005907269688938,0.9994818487499953
1.0088687215062,1.0013213227145557,1.0020685813372068,0.9847651153063611,1.0005907269688938,0.999547910346941
1.0088687215062,1.0013213227145557,1.0026331900329248,0.9847651153063611,1.0005907269688938,0.9996605480351152
1.0088687215062,1.0013213227145557,1.002681066412283,0.9847651153063611,1.0005907269688938,0.9996700949218734
1.0088687215062,1.0013213227145557,1.0026533825525656,0.9847651153063611,1.0005907269688938,0.9996645747764157
1.0088687215062,1.0013213227145557,1.002757532657838,0.9847651153063611,1.0005907269688938,0.9996853427052955
1.0088687215062,1.0013213227145557,1.0025111367897215,0.9847651153063611,1.0005907269688938,0.9996362145103257
1.0088687215062,1.0013213227145557,1.0025564996923726,0.9847651153063611,1.0005907269688938,0.9996452610732259
1.0088687215062,1.0013213227145557,1.002536322420927,0.9847651153063611,1.0005907269688938,0.9996412373371496
1.0088687215062,1.0013213227145557,1.002588453321876,0.9847651153063611,1.0005907269688938,0.999651633409025
1.0088687215062,1.0013213227145557,1.0028874578034497,0.9847651153063611,1.0005907269688938,0.9997112591342986
1.0088687215062,1.0013213227145557,1.0026404550454602,0.9847651153063611,1.0005907269688938,0.9996620150369121
1.0088687215062,1.0013213227145557,1.0030788749555428,0.9847651153063611,1.0005907269688938,0.9997494385452176
1.0088687215062,1.0013213227145557,1.0030195022200206,0.9847651153063611,1.0005907269688938,0.9997376034123112
1.0088687215062,1.0013213227145557,1.0031929434862614,0.9847651153063611,1.0005907269688938,0.9997721781649378
1.0088687215062,1.0013213227145557,1.0033128573020644,0.9847651153063611,1.0005907269688938,0.9997960791498074
1.0088687215062,1.0013213227145557,1.0030196831522094,0.9847651153063611,1.0005907269688938,0.999737649844651
1.0088687215062,1.0013213227145557,1.0030475445020544,0.9847651153063611,1.0005907269688938,0.9997432038813031
1.0088687215062,1.0013213227145557,1.003059100280303,0.9847651153063611,1.0005907269688938,0.9997455074233104
1.0088687215062,1.0013213227145557,1.003074281986242,0.9847651153063611,1.0005907269688938,0.9997485337339841
1.0088687215062,1.0013213227145557,1.0030606805216176,0.9847651153063611,1.0005907269688938,0.9997458224603408
1.0088687215062,1.0013213227145557,1.003188279189973,0.9847651153063611,1.0005907269688938,0.999771257857843
1.0088687215062,1.0013213227145557,1.0030606740862424,0.9847651153063611,1.0005907269688938,0.9997458237658162
1.0088687215062,1.0013213227145557,1.0033167696019296,0.9847651153063611,1.0005907269688938,0.9997968736033601
1.0088687215062,1.0013213227145557,1.0033841363040181,0.9847651153063611,1.0005907269688938,0.9998102996757977
1.0088687215062,1.0013213227145557,1.0036602415914613,0.9847651153063611,1.0005907269688938,0.9998653240478588
1.0088687215062,1.0013213227145557,1.0035931857416494,0.9847651153063611,1.0005907269688938,0.9998519635865745
1.0088687215062,1.0013213227145557,1.0035497485592326,0.9847651153063611,1.0005907269688938,0.9998433085353546
1.0088687215062,1.0013213227145557,1.0035206000586783,0.9847651153063611,1.0005907269688938,0.9998375003662479
1.0088687215062,1.0013213227145557,1.00314684929936,0.9847651153063611,1.0005907269688938,0.9997630245607816
1.0088687215062,1.0013213227145557,1.0031502641842516,0.9847651153063611,1.0005907269688938,0.9997637052339353
1.0088687215062,1.0013213227145557,1.0033366856157615,0.9847651153063611,1.0005907269688938,0.9998008636513241
1.0088687215062,1.0013213227145557,1.0033323158652954,0.9847651153063611,1.0005907269688938,0.9997999927810863
1.0088687215062,1.0013213227145557,1.0034792479633934,0.9847651153063611,1.0005907269688938,0.9998292757431309
1.0088687215062,1.0013213227145557,1.0035463277851522,0.9847651153063611,1.0005907269688938,0.9998426429093662
1.0088687215062,1.0013213227145557,1.00356957178825,0.9847651153063611,1.0005907269688938,0.9998472745531369
1.0088687215062,1.0013213227145557,1.0032053141794541,0.9847651153063611,1.0005907269688938,0.9997746932418601
1.0088687215062,1.0013213227145557,1.0035140555984101,0.9847651153063611,1.0005907269688938,0.9998362303675241
1.0088687215062,1.0013213227145557,1.0036127697563837,0.9847651153063611,1.0005907269688938,0.9998559008426992
1.0088687215062,1.0013213227145557,1.0036816866614502,0.9847651153063611,1.0005907269688938,0.9998696326277611
1.0088687215062,1.0013213227145557,1.0038328887543617,0.9847651153063611,1.0005907269688938,0.9998997581910949
1.0088687215062,1.0013213227145557,1.003588514582941,0.9847651153063611,1.0005907269688938,0.9998510748539281
1.0088687215062,1.0013213227145557,1.003385490389895,0.9847651153063611,1.0005907269688938,0.9998106212308169
1.0088687215062,1.0013213227145557,1.003208515861099,0.9847651153063611,1.0005907269688938,0.9997753524302867
1.0088687215062,1.0013213227145557,1.0034585070416198,0.9847651153063611,1.0005907269688938,0.9998251795632622
1.0088687215062,1.0013213227145557,1.0038285603220574,0.9847651153063611,1.0005907269688938,0.9998989222412035
1.0088687215062,1.0013213227145557,1.0035379436204324,0.9847651153063611,1.0005907269688938,0.9998410264334479
1.0088687215062,1.0012378920913765,1.0032266410325428,0.9847651153063611,1.0005907269688938,0.9997623338195611
1.0088687215062,1.0013092229105254,1.0027852988651538,0.9847651153063611,1.0005907269688938,0.9996886153308561
1.0088687215062,1.0012245888232922,1.0030889841880357,0.9847651153063611,1.0005907269688938,0.999732265412793
1.0088687215062,1.0012925736465703,1.0028633529044402,0.9847651153063611,1.0005907269688938,0.9997008668641653
1.0088687215062,1.0012799048225844,1.0027627147885563,0.9847651153063611,1.0005907269688938,0.9996782729755814
1.0088687215062,1.001376979259649,1.002967467162178,0.984673773495964,1.0005907269688938,0.9997199363047724
1.0088687215062,1.0014208013855217,1.0028475541009285,0.9856131542446506,1.0005907269688938,0.9998955282320946
1.0088687215062,1.0014783817989552,1.0027819478568656,0.9855827204835532,1.0005907269688938,0.9998877691955566
1.0088687215062,1.0015348826234227,1.002779438592793,0.9850028572869975,1.0005907269688938,0.9997808951067775
1.0088687215062,1.0016681927175644,1.002652761281116,0.9848456676732361,1.0005907269688938,0.9997503411418266
1.0088687215062,1.0015257065515542,1.0023935017571104,0.9853270714978989,1.0005907269688938,0.999767934544005
1.0088687215062,1.001650446932385,1.0025403567457507,0.9854176660941228,1.0005907269688938,0.9998405173687419
1.0088687215062,1.001650446932385,1.0022651139230065,0.9837468317442923,1.0005907269688938,0.9994465592192239
1.0088687215062,1.001650446932385,1.0025109675170663,0.9841228074584635,1.0005907269688938,0.9995719868515519
1.0088687215062,1.001650446932385,1.0026502503015553,0.9836387175689528,1.0005907269688938,0.9995014238758296
1.0088687215062,1.001650446932385,1.0026728996800918,0.9845743287199202,1.0005907269688938,0.9996960793930395
1.0088687215062,1.001650446932385,1.0026678710490142,0.9840808661664149,1.0005907269688938,0.9995948683564585
1.0088687215062,1.001650446932385,1.0026854943277577,0.9847849444280177,1.0005907269688938,0.9997414178161553
1.0088687215062,1.001650446932385,1.0026427018208157,0.9848482644823471,1.0005907269688938,0.9997457407903652
1.0088687215062,1.001650446932385,1.0026452161781132,0.9856764898577152,1.0005907269688938,0.9999143929425977
1.0088687215062,1.001650446932385,1.0025982445726147,0.9860662208375364,1.0005907269688938,0.9999840963214848
1.0088687215062,1.001650446932385,1.0027022775722938,0.9874352616150764,1.0005907269688938,1.0002825215037239
1.0088687215062,1.001650446932385,1.002521911605845,0.9874470094580629,1.0005907269688938,1.0002489155017358
1.0088687215062,1.001650446932385,1.0025697355236916,0.9877393554616648,1.0005907269688938,1.0003176858327925
1.0088687215062,1.001650446932385,1.0025026185276555,0.9885157665225173,1.0005907269688938,1.0004615522340337
1.0088687215062,1.001650446932385,1.0027199369001822,0.9883576311534178,1.0005907269688938,1.0004729181444216
1.0088687215062,1.001650446932385,1.0032315632448738,0.9894899798365266,1.0005907269688938,1.0008042599127096
1.0088687215062,1.001567834419853,1.0034948739513119,0.9898229022868814,1.0005907269688938,1.0009076319418628
1.0088687215062,1.0016476095800564,1.003220672027943,0.9899326888299717,1.0005907269688938,1.000891080665298
1.0088687215062,1.0016962132290546,1.0033993064626134,0.9900944249460308,1.0005907269688938,1.0009691432799064
1.0088687215062,1.0017080570611638,1.002981744876283,0.9902225715868745,1.0005907269688938,1.0009141110990456
1.0088687215062,1.001646580488518,1.0030589251147148,0.9906613830816601,1.0005907269688938,1.0010059396340916
1.0088687215062,1.001832235177787,1.0027361061905122,0.9908630350354972,1.0005907269688938,1.0010193667064797
1.0088687215062,1.0018467416414827,1.003195814632425,0.9907277318715921,1.0005907269688938,1.001086711920434
1.0088687215062,1.001860170032959,1.003122869993542,0.991125386739342,1.0005907269688938,1.0011551998489077
1.0088687215062,1.0017927282901302,1.0033292242724117,0.9915832680237149,1.0005907269688938,1.0012754138665954
1.0088687215062,1.0019025081828874,1.0031489189281546,0.9921222340247136,1.0005907269688938,1.0013702180709376
1.0088687215062,1.0018283384654985,1.0031036152263897,0.9923470752921957,1.0005907269688938,1.0013917347551249
1.0088687215062,1.001942052961239,1.0033561666488764,0.9924054841021321,1.0005907269688938,1.0014766800615915
1.0088687215062,1.0020193090520595,1.003077750486664,0.9926552804398975,1.0005907269688938,1.0014869611024517
1.0088687215062,1.0020888699633554,1.0029576897284895,0.9926552804398975,1.0005907269688938,1.0014768918229513
1.0088687215062,1.0019477268783223,1.003121274659603,0.9926552804398975,1.0005907269688938,1.0014813491270778
1.0088687215062,1.0018717579160603,1.002879586184517,0.9926552804398975,1.0005907269688938,1.001417903735446
1.0088687215062,1.0019365964800862,1.00262542304651,0.9926552804398975,1.0005907269688938,1.001380107034012
1.0088687215062,1.0020970747198932,1.0025885115414934,0.9926552804398975,1.0005907269688938,1.0014048117238277
1.0088687215062,1.002126557728901,1.0027176941954874,0.9926552804398975,1.0005907269688938,1.0014365102792335
1.0088687215062,1.0022658960064903,1.0026286912580566,0.9926552804398975,1.0005907269688938,1.0014465809020827
1.0088687215062,1.002177196612707,1.0025682532519369,0.9926552804398975,1.0005907269688938,1.0014167821752096
1.0088687215062,1.0023134176772972,1.0028854509308884,0.9926552804398975,1.0005907269688938,1.0015073723903685
1.0088687215062,1.0023186345379744,1.002708408133432,0.9926552804398975,1.0005907269688938,1.0014730550193318
1.0088687215062,1.002111633282189,1.003354612382189,0.9926552804398975,1.0005907269688938,1.0015607713173145
1.0088687215062,1.0020393427488166,1.0034361903276743,0.9926552804398975,1.0005907269688938,1.001562607577655
1.0088687215062,1.002087148634721,1.0035765020678733,0.9926552804398975,1.0005907269688938,1.001600174156918
1.0088687215062,1.0023198217943767,1.0031940050861075,0.9926552804398975,1.0005907269688938,1.0015703374276121
1.0088687215062,1.0023198217943767,1.0031881079507825,0.9926552804398975,1.0005907269688938,1.0015691599094476
1.0088687215062,1.0023198217943767,1.003592759897897,0.9926552804398975,1.0005907269688938,1.0016499596931603
1.0088687215062,1.0023198217943767,1.0036426795832516,0.9926552804398975,1.0005907269688938,1.0016599243028748
1.0088687215062,1.0023198217943767,1.0036021360165654,0.9926552804398975,1.0005907269688938,1.0016518316087788
1.0088687215062,1.0023198217943767,1.0036021360165654,0.9926552804398975,1.0005907269688938,1.0016518316087788
1.0088687215062,1.0023198217943767,1.0036021360165654,0.9926552804398975,1.0005907269688938,1.0016518316087788
1.0088687215062,1.0023198217943767,1.0036021360165654,0.9926552804398975,1.0005907269688938,1.0016518316087788
1.0088687215062,1.0023198217943767,1.0036021360165654,0.9926552804398975,1.0005907269688938,1.0016518316087788
1.0088687215062,1.0023198217943767,1.0036021360165654,0.9926552804398975,1.0005907269688938,1.0016518316087788
1.0088687215062,1.0023198217943767,1.0036021360165654,0.9926552804398975,1.0005907269688938,1.0016518316087788
1.0088687215062,1.0023198217943767,1.0036021360165654,0.9926552804398975,1.0005907269688938,1.0016518316087788
1.0088687215062,1.0023198217943767,1.0036021360165654,0.9926552804398975,1.0005907269688938,1.0016518316087788
1.0088687215062,1.0023198217943767,1.0036021360165654,0.9926552804398975,1.0005907269688938,1.0016518316087788
1.0088687215062,1.0023198217943767,1.0036021360165654,0.9926552804398975,1.0005907269688938,1.0016518316087788
1.0088687215062,1.0023198217943767,1.0036021360165654,0.9926552804398975,1.0005907269688938,1.0016518316087788
1.0088687215062,1.0023198217943767,1.0036021360165654,0.9926552804398975,1.0005907269688938,1.0016518316087788
1.0088687215062,1.0023198217943767,1.0036021360165654,0.9926552804398975,1.0005907269688938,1.0016518316087788
1.0088687215062,1.0023198217943767,1.0036021360165654,0.9926552804398975,1.0005907269688938,1.0016518316087788
1.0088687215062,1.0023198217943767,1.0036021360165654,0.9926552804398975,1.0005907269688938,1.0016518316087788
1.0088687215062,1.0023198217943767,1.0036021360165654,0.9926552804398975,1.0005907269688938,1.0016518316087788
1.0088687215062,1.0023198217943767,1.0036021360165654,0.9926552804398975,1.0005907269688938,1.0016518316087788
1.0088687215062,1.0023198217943767,1.0036021360165654,0.9926552804398975,1.0005907269688938,1.0016518316087788
1.0088687215062,1.0023198217943767,1.0036021360165654,0.9926552804398975,1.0005907269688938,1.0016518316087788
1.0088687215062,1.0023198217943767,1.0036021360165654,0.9926552804398975,1.0005907269688938,1.0016518316087788
1.0088687215062,1.0023198217943767,1.0036021360165654,0.9926552804398975,1.0005907269688938,1.0016518316087788
1.0088687215062,1.0023198217943767,1.0036021360165654,0.9926552804398975,1.0005907269688938,1.0016518316087788
1.0088687215062,1.0023198217943767,1.0036021360165654,0.9926552804398975,1.0005907269688938,1.0016518316087788
1.0088687215062,1.0023198217943767,1.0036021360165654,0.9926552804398975,1.0005907269688938,1.0016518316087788
1.0088687215062,1.0023198217943767,1.0036021360165654,0.9926552804398975,1.0005907269688938,1.0016518316087788
1.0088687215062,1.0023198217943767,1.0036021360165654,0.9926552804398975,1.0005907269688938,1.0016518316087788
1.0088687215062,1.0023198217943767,1.0036021360165654,0.9926552804398975,1.0005907269688938,1.0016518316087788
1.0088687215062,1.0023198217943767,1.0036021360165654,0.9926552804398975,1.0005907269688938,1.0016518316087788
1.0088687215062,1.0023198217943767,1.0036021360165654,0.9926552804398975,1.0005907269688938,1.0016518316087788
1.0088687215062,1.0023198217943767,1.0036021360165654,0.9926552804398975,1.0005907269688938,1.0016518316087788
1.0088687215062,1.0023198217943767,1.0036021360165654,0.9926552804398975,1.0005907269688938,1.0016518316087788
1.0088687215062,1.0023198217943767,1.0036021360165654,0.9926552804398975,1.0005907269688938,1.0016518316087788
1.0088687215062,1.0023198217943767,1.0036021360165654,0.9926552804398975,1.0005907269688938,1.0016518316087788
1.0088687215062,1.0023198217943767,1.0036021360165654,0.9926552804398975,1.0005907269688938,1.0016518316087788
1.0088687215062,1.0023198217943767,1.0036021360165654,0.9926552804398975,1.0005907269688938,1.0016518316087788
1.0088687215062,1.0023198217943767,1.0036021360165654,0.9926552804398975,1.0005907269688938,1.0016518316087788
1.0088687215062,1.0023198217943767,1.0036021360165654,0.9926552804398975,1.0005907269688938,1.0016518316087788
1.0088687215062,1.0023198217943767,1.0036021360165654,0.9926552804398975,1.0005907269688938,1.0016518316087788
1.0088687215062,1.0023198217943767,1.0036021360165654,0.9926552804398975,1.0005907269688938,1.0016518316087788
1.0088687215062,1.0023198217943767,1.0036021360165654,0.9926552804398975,1.0005907269688938,1.0016518316087788
1.0088687215062,1.0023198217943767,1.0036021360165654,0.9926552804398975,1.0005907269688938,1.0016518316087788
1.0088687215062,1.0023198217943767,1.0036021360165654,0.9926552804398975,1.0005907269688938,1.0016518316087788
1.0088687215062,1.0023198217943767,1.0036021360165654,0.9926552804398975,1.0005907269688938,1.0016518316087788
1.0088687215062,1.0023198217943767,1.0036021360165654,0.9926552804398975,1.0005907269688938,1.0016518316087788
1.0088687215062,1.0023198217943767,1.0036021360165654,0.9926552804398975,1.0005907269688938,1.0016518316087788
1.0088687215062,1.0023198217943767,1.0036021360165654,0.9926552804398975,1.0005907269688938,1.0016518316087788
1.0088687215062,1.0023198217943767,1.0036021360165654,0.9926552804398975,1.0005907269688938,1.0016518316087788
1.0088687215062,1.0023198217943767,1.0036021360165654,0.9926552804398975,1.0005907269688938,1.0016518316087788
1.0088687215062,1.0023198217943767,1.0036021360165654,0.9926552804398975,1.0005907269688938,1.0016518316087788
1.0088687215062,1.0023198217943767,1.0036021360165654,0.9926552804398975,1.0005907269688938,1.0016518316087788
1.0088687215062,1.0023198217943767,1.0036021360165654,0.9926552804398975,1.0005907269688938,1.0016518316087788
1.0088687215062,1.0023198217943767,1.0036021360165654,0.9926552804398975,1.0005907269688938,1.0016518316087788
1.0088687215062,1.0023198217943767,1.0036021360165654,0.9926552804398975,1.0005907269688938,1.0016518316087788
1.0088687215062,1.0023198217943767,1.0036021360165654,0.9926552804398975,1.0005907269688938,1.0016518316087788
1.0088687215062,1.0023198217943767,1.0036021360165654,0.9926552804398975,1.0005907269688938,1.0016518316087788
1.0088687215062,1.0023198217943767,1.0036021360165654,0.9926552804398975,1.0005907269688938,1.0016518316087788
1.0088687215062,1.0023198217943767,1.0036021360165654,0.9926552804398975,1.0005907269688938,1.0016518316087788
1.0088687215062,1.0023198217943767,1.0036021360165654,0.9926552804398975,1.0005907269688938,1.0016518316087788
1.0088687215062,1.0023198217943767,1.0036021360165654,0.9926552804398975,1.0005907269688938,1.0016518316087788
1.0088687215062,1.0023198217943767,1.0036021360165654,0.9926552804398975,1.0005907269688938,1.0016518316087788
1.0088687215062,1.0023198217943767,1.0036021360165654,0.9926552804398975,1.0005907269688938,1.0016518316087788
1.0088687215062,1.0023198217943767,1.0036021360165654,0.9926552804398975,1.0005907269688938,1.0016518316087788
1.0088687215062,1.0023198217943767,1.0036021360165654,0.9926552804398975,1.0005907269688938,1.0016518316087788
1.0088687215062,1.0023198217943767,1.0036021360165654,0.9926552804398975,1.0005907269688938,1.0016518316087788
1.0088687215062,1.0023198217943767,1.0036021360165654,0.9926552804398975,1.0005907269688938,1.0016518316087788
1.0088687215062,1.0023198217943767,1.0036021360165654,0.9926552804398975,1.0005907269688938,1.0016518316087788
1.0088687215062,1.0023198217943767,1.0036021360165654,0.9926552804398975,1.0005907269688938,1.0016518316087788
1.0088687215062,1.0023198217943767,1.0036021360165654,0.9926552804398975,1.0005907269688938,1.0016518316087788
1.0088687215062,1.0023198217943767,1.0036021360165654,0.9926552804398975,1.0005907269688938,1.0016518316087788
1.0088687215062,1.0023198217943767,1.0036021360165654,0.9926552804398975,1.0005907269688938,1.0016518316087788
1.0088687215062,1.0023198217943767,1.0036021360165654,0.9926552804398975,1.0005907269688938,1.0016518316087788
1.0088687215062,1.0023198217943767,1.0036021360165654,0.9926552804398975,1.0005907269688938,1.0016518316087788
1.0088687215062,1.0023198217943767,1.0036021360165654,0.9926552804398975,1.0005907269688938,1.0016518316087788
1.0088687215062,1.0023198217943767,1.0036021360165654,0.9926552804398975,1.0005907269688938,1.0016518316087788
1.0088687215062,1.0023198217943767,1.0036021360165654,0.9926552804398975,1.0005907269688938,1.0016518316087788
1.0088687215062,1.0023198217943767,1.0036021360165654,0.9926552804398975,1.0005907269688938,1.0016518316087788
1.0088687215062,1.0023198217943767,1.0036021360165654,0.9926552804398975,1.0005907269688938,1.0016518316087788
1.0088687215062,1.0023198217943767,1.0036021360165654,0.9926552804398975,1.0005907269688938,1.0016518316087788
1.0088687215062,1.0023198217943767,1.0036021360165654,0.9926552804398975,1.0005907269688938,1.0016518316087788
1.0088687215062,1.0023198217943767,1.0036021360165654,0.9926552804398975,1.0005907269688938,1.0016518316087788
1.0088687215062,1.0023198217943767,1.0036021360165654,0.9926552804398975,1.0005907269688938,1.0016518316087788
1.0088687215062,1.0023198217943767,1.0036021360165654,0.9926552804398975,1.0005907269688938,1.0016518316087788
1.0088687215062,1.0023198217943767,1.0036021360165654,0.9926552804398975,1.0005907269688938,1.0016518316087788
1.0088687215062,1.0023198217943767,1.0036021360165654,0.9926552804398975,1.0005907269688938,1.0016518316087788
1.0088687215062,1.0023198217943767,1.0036021360165654,,1.0005907269688938,1.0016518316087788
1.0088687215062,1.0023198217943767,1.0036021360165654,,1.0005907269688938,1.0016518316087788
