pair_stat_arbitrage,buy_and_hold_SPY
1.0,1.0
1.0,0.9954577534881196
1.0,1.002443040952605
1.0,0.9980455672379159
1.0,0.9978826978410755
1.0,1.0105865107946217
1.0,1.0138981885303748
1.0,1.0172279628657772
1.0,1.0171917696664794
1.0,1.014549666117736
1.0,1.0165945818780646
1.0,1.0184404350422551
1.0,1.0183499520440107
1.0,1.023634159141497
1.0,1.0206120270001264
1.0,1.0203043848060944
1.0,1.0217340161783597
1.0,1.02627626269024
1.0,1.0300584520168654
1.0,1.0261133932933995
1.0,1.0261676830923463
1.0,1.0148211151124698
1.0,1.0148392117121188
1.0,1.0127038129535455
1.0,1.0149477913100124
1.0,1.0148935015110658
1.0,1.0159250076910544
1.0,1.0153278199026399
1.0,1.0154363995005335
1.0,1.0205034474022328
1.0,1.0197795834162757
1.0,1.023869414936933
1.0,1.0223493005664233
1.0,1.0191642990282122
1.0,1.0283392750502176
1.0,1.0260952966937507
1.0,1.0263667456884846
1.0,1.0253714327077939
1.0,1.0304203840098443
1.0,1.0281764056533773
1.0,1.0240322843337732
1.0,1.0227474257586995
1.0,1.021462567183626
1.0,1.0237065455400927
1.0,1.0237427387393905
1.0,1.013120034745471
1.0,1.016087877087895
1.0,1.012378074159865
1.0,1.0200148392117119
1.0,1.0186575942380425
1.0,1.018006116650681
1.0,1.020992055592754
1.0,1.0205758338008286
1.0,1.0364646482925857
1.0,1.0379304728641485
1.0,1.0385095640529143
1.0,1.0371523190792449
1.0,1.0370980292802983
1.0,1.03807524566134
1.0,1.038781013047648
1.0,1.0387629164479992
1.0,1.0399391954251793
1.0,1.0423279465788375
1.0,1.0401020648220196
1.0,1.0404639968149982
1.0,1.0389619790441373
1.0,1.0386181436508077
1.0,1.0411335710020084
1.0,1.041260247199551
1.0,1.0381114388606378
1.0,1.0376590238694148
1.0,1.032700555565609
1.0,1.0305832534066848
1.0,1.0279592464575904
1.0,1.0268191606797081
1.0,1.0292260084330154
1.0,1.0291174288351217
1.0,1.0284840478474095
1.0,1.0329358113610452
1.0,1.0277782804611013
1.0,1.0254619157060385
1.0,1.0254076259070917
1.0,1.0270544164751438
1.0,1.0260952966937509
1.0,1.0261133932934
1.0,1.0205215440018818
1.0,1.0112379883819826
1.0,1.009645487612877
1.0,1.0071481568613252
1.0,1.0069129010658893
1.0,1.0065509690729109
1.0,1.0056823322897623
1.0,1.0056823322897623
1.0,0.9948424691000557
1.0,0.998208436634756
1.0,1.0013210517743714
1.0,1.0013391483740202
1.0,1.0010315061799882
1.0,1.0068767078665912
1.0,1.0118532727700458
1.0,1.0118894659693436
1.0,1.0083787256374521
1.0,1.0129028755496836
1.0,1.016250746484735
1.0,1.0146582457156295
1.0,1.0115999203749608
1.0,1.0091749760220046
1.0,1.0153097233029904
1.0,1.0155268824987775
1.0,1.0111294087840887
1.0,1.017191769666479
1.0,1.0175356050598083
1.0,1.0236884489404432
1.0,1.0207748963969663
1.0,1.015418302900884
1.0,1.0218425957762527
1.0,1.0216978229790614
1.0,0.9861199080692729
1.0,0.9775602164353311
1.0,0.9835682875187742
1.0,0.9834416113212319
1.0,0.9805642519770525
1.0,0.9804737689788078
1.0,0.9729093903255569
1.0,0.9730541631227484
1.0,0.8970303479976104
1.0,0.9155250728388128
1.0,0.9039251524638512
1.0,0.8970484445972593
1.0,0.9212797915271712
1.0,0.9106389909336028
1.0,0.913027742087261
1.0,0.9128286794911229
1.0,0.9457102010532213
1.0,0.9371324128196303
1.0,0.9351779800575463
1.0,0.9177509545956306
1.0,0.9169366076114289
1.0,0.9078883077869659
1.0,0.8989304909607476
1.0,0.8989485875603965
1.0,0.9045585334515636
1.0,0.8925785844839745
1.0,0.8975370527877803
1.0,0.9070015744041684
1.0,0.9679328254221021
1.0,0.9607122821621807
1.0,0.9833692249226359
1.0,0.9836225773177207
1.0,0.9573101214281825
1.0,0.9525869089198128
1.0,0.9385620441918952
1.0,0.9405888633525749
1.0,0.9485875603974001
1.0,0.9520078177310474
1.0,0.9495466801787934
1.0,0.9495285835791445
1.0,0.9526050055194618
1.0,0.9467959970321567
1.0,0.953582221900504
1.0,0.9622323965326905
1.0,0.9676251832280706
1.0,0.9630286469172432
1.0,0.9663222280533479
1.0,0.9660869722579118
1.0,0.9780669212255009
1.0,0.9815957581570414
1.0,0.9694891329919101
1.0,0.9691091043992826
1.0,0.9753524312781622
1.0,0.9785374328163732
1.0,0.9753524312781623
1.0,0.9752800448795664
1.0,0.9798946777900426
1.0,0.9783021770209371
1.0,0.9789717512079474
1.0,0.9754791074757047
1.0,0.9741037659023862
1.0,0.9747371468900987
1.0,0.9731084529216955
1.0,0.9732351291192378
1.0,0.9589750085958842
1.0,0.9632277095133819
1.0,0.9622142999330422
1.0,0.9607303787618302
1.0,0.9484427876002095
1.0,0.9461626160444448
1.0,0.9513925333429846
1.0,0.9513925333429846
1.0,0.9568396098373112
1.0,0.9502162543658043
1.0,0.9532564831068238
1.0,0.9589569119962355
1.0,0.9582873378092251
1.0,0.9564414846450346
1.0,0.9525869089198135
1.0,0.9525145225212178
1.0,0.9366076114298117
1.0,0.9312510179337298
1.0,0.92484482165801
1.0,0.9251343672523927
1.0,0.9210264391320865
1.0,0.9207007003384058
1.0,0.9300747389565495
1.0,0.9302376083533896
1.0,0.9444434390777965
1.0,0.9494742937801979
1.0,0.9521887837275367
1.0,0.9546861144790885
1.0,0.9444434390777965
1.0,0.9532745797064724
1.0,0.9535822219005042
1.0,0.9537812844966422
1.0,0.9837311569156149
1.0,0.9818310139524775
1.0,0.9725655549322274
1.0,0.9739951863044928
1.0,0.9742485386995777
1.0,0.9706292187697925
1.0,0.9689100418031444
1.0,0.9686928826073573
1.0,0.9762753578602574
1.0,0.9816681445556374
1.0,0.982211042545105
1.0,0.9870066414520703
1.0,0.9867532890569853
1.0,0.9882372102281973
1.0,0.9890696538120477
1.0,0.9892325232088881
1.0,0.9860475216706771
1.0,0.9888524946162605
1.0,0.9900106769937919
1.0,0.9936842867225237
1.0,0.9914945981650036
1.0,0.9950234350965443
1.0,0.996308293671618
1.0,0.9962901970719691
1.0,0.9958377820807459
1.0,0.9963625834705649
1.0,0.9907526375793979
1.0,0.9889248810148564
1.0,0.9911507627716744
1.0,0.9930147125355137
1.0,0.9970864474565221
1.0,0.9969416746593306
1.0,0.9962540038726714
1.0,1.0006514775873605
1.0,0.9984436924301915
1.0,0.9972493168533624
1.0,1.0038726723248692
1.0,1.0031126151396141
1.0,1.0028230695452314
1.0,1.0031126151396141
1.0,0.9806366383756482
1.0,0.9898297109973027
1.0,0.994371957509183
1.0,0.9944986337067253
1.0,0.9961635208744266
1.0,0.9945891167049701
1.0,1.00318500153821
1.0,1.0038002859262736
1.0,1.0113284713802266
1.0,1.0194719412222435
1.0,1.0140791545268635
1.0,1.0128485857507366
1.0,1.0144410865198419
1.0,1.0164860022801705
1.0,1.0106588971932162
1.0,1.0105503175953225
1.0,1.0199605494127642
1.0,1.0239056081362299
1.0,1.024665665321485
1.0,1.0270001266761963
1.0,1.0265296150853243
1.0,1.0262581660905905
1.0,1.0254257225067398
1.0,1.0254076259070908
1.0,1.0188566568341795
1.0,1.022421686965018
1.0,1.0224759767639646
1.0,1.0235617727429
1.0,1.0236884489404425
1.0,1.0238694149369318
1.0,1.0198157766155724
1.0,1.0198700664145193
1.0,1.0087044644311318
1.0,1.0147668253135222
1.0,1.0140067681282674
1.0,1.0120161421668854
1.0,1.0106227039939182
1.0,1.0153278199026388
1.0,1.0112379883819815
1.0,1.0112560849816306
1.0,1.0160335872889472
1.0,1.012414267359162
1.0,1.0133190973416084
1.0,1.0156716552959688
1.0,1.0120885285654815
1.0,1.014947791310012
1.0,1.0155811722977244
1.0,1.0156716552959688
1.0,1.0208653793952105
1.0,1.0181508894478717
1.0,1.028592627445302
1.0,1.0317233391845664
1.0,1.0273077688702283
1.0,1.0285383376463555
1.0,1.0223131073671248
1.0,1.0224216869650185
1.0,1.0260772000941014
1.0,1.0216616297797634
1.0,1.023453193145007
1.0,1.019562424220488
1.0,1.0228741019562415
1.0,1.0221502379702845
1.0,1.0211730215892423
1.0,1.0211006351906466
1.0,1.0474130910801849
1.0,1.047883602671057
1.0,1.0462730053023026
1.0,1.051521019200491
1.0,1.0523172695850438
1.0,1.0524077525832884
1.0,1.0547784071372979
1.0,1.0591577842523379
1.0,1.0624151721891448
1.0,1.0634285817694846
1.0,1.0640076729582502
1.0,1.0639171899600055
1.0,1.0651658553357817
1.0,1.0619627571979218
1.0,1.0619265639986237
1.0,1.0632295191733465
1.0,1.0632295191733465
1.0,1.064080059356846
1.0,1.063102842975804
1.0,1.0628675871803681
1.0,1.063392388570187
1.0,1.0633019055719426
1.0,1.0632295191733467
1.0,1.060714091822146
1.0,1.0616189218045924
1.0,1.0660344921189304
1.0,1.0680070214806634
1.0,1.0675003166904935
1.0,1.067174577896813
1.0,1.0684413398722377
1.0,1.0683870500732908
1.0,1.0701605168388857
1.0,1.0685318228704825
1.0,1.0695814256501202
1.0,1.0717349210083424
1.0,1.072802620387629
1.0,1.0741236721620004
1.0,1.0754266273367232
1.0,1.0753542409381276
1.0,1.0699252610434498
1.0,1.0713186992164172
1.0,1.0732912285781502
1.0,1.0759152355272443
1.0,1.075553303534266
1.0,1.0756256899328616
1.0,1.0766390995132016
1.0,1.0766029063139035
1.0,1.0728388135869271
1.0,1.073074069382363
1.0,1.0734902911742885
1.0,1.07379793336832
1.0,1.0731102625816609
1.0,1.0693280732550354
1.0,1.072820716987278
1.0,1.0727664271883313
0.9990007366609029,1.0674098336922493
0.9981627593850482,1.0688756582638124
0.9981627593850482,1.0708481876255453
0.9981627593850482,1.0705948352304604
0.9981627593850482,1.0607502850214445
0.9981627593850482,1.0568776126965744
0.9981627593850482,1.0549593731337885
0.9981627593850482,1.0549955663330863
0.9981627593850482,1.0571671582909572
0.9981627593850482,1.0548507935358946
0.9981627593850482,1.0572938344884997
0.9981627593850482,1.0552127255288732
0.9981627593850482,1.0593568468484773
0.9981627593850482,1.060171193832679
0.9981627593850482,1.0550860493313308
0.9981627593850482,1.0551765323295756
0.9981627593850482,1.0437575779511032
0.9981627593850482,1.0443728623391668
0.9981627593850482,1.0460377495068678
0.9981627593850482,1.0477931196728136
0.9981627593850482,1.0511952804068116
0.9981627593850482,1.0509057348124289
0.9981627593850482,1.0480826652671964
0.9981627593850482,1.0480102788686008
0.9981627593850482,1.0606959952224977
0.9981627593850482,1.0641524457554425
0.9981627593850482,1.0658173329231437
0.9981627593850482,1.0675727030890894
0.9981627593850482,1.0695271358511735
0.9981627593850482,1.068423243272589
0.9981627593850482,1.0684413398722379
0.9981627593850482,1.069110914059248
0.9981627593850482,1.066505003709803
0.9981627593850482,1.0659982989196328
0.9981627593850482,1.0675727030890894
0.9981627593850482,1.0671564812971641
0.9981627593850482,1.0672650608950576
0.9981627593850482,1.063537161367379
0.9981627593850482,1.063500968168081
0.9981627593850482,1.0699252610434498
0.9981627593850482,1.0693823630539818
0.9981627593850482,1.0625961381856346
0.9981627593850482,1.0673193506940042
0.9981627593850482,1.0650753723375372
0.9981627593850482,1.0655096907291115
0.9981627593850482,1.0676993792866316
0.9981627593850482,1.067645089487685
0.9981627593850482,1.0624332687887943
0.9981627593850482,1.0653287247326224
0.9981627593850482,1.0640438661575486
0.9981627593850482,1.057565283483233
0.9981627593850482,1.0602073870319761
0.9981627593850482,1.0653106281329732
0.9981627593850482,1.0667402595052384
0.9981627593850482,1.0665411969091003
0.9981627593850482,1.061980853797571
0.9981627593850482,1.0664869071101535
0.9981627593850482,1.0673917370925998
0.9981627593850482,1.0676812826869826
0.9981627593850482,1.0676631860873336
0.9981627593850482,1.0710653468213316
0.9981627593850482,1.0724949781935968
0.9981627593850482,1.0725673645921927
0.9981627593850482,1.0720244666027248
0.9981627593850482,1.075607593333212
0.9981627593850482,1.0779239580882747
0.9981627593850482,1.0794259758591356
0.9981627593850482,1.0787564016721254
0.9981627593850482,1.0791545268644016
0.9981627593850482,1.0787744982717742
0.9981627593850482,1.078575435675636
0.9981627593850482,1.0813804086212195
0.9981627593850482,1.081308022222624
0.9981627593850482,1.0801498398450926
0.9981627593850482,1.0799507772489545
0.9981627593850482,1.0813985052208686
0.9981627593850482,1.0804031922401776
0.9981627593850482,1.0783763730794977
0.9981627593850482,1.0783220832805511
0.9981627593850482,1.0754447239363718
0.9981627593850482,1.0808918004306987
0.9981627593850482,1.0835700971787396
0.9981627593850482,1.0763133607195203
0.9981627593850482,1.0782316002823067
0.9981627593850482,1.0771819975026689
0.9981627593850482,1.0731464557809585
0.9981627593850482,1.0863388769250253
0.9981627593850482,1.0845292169601326
0.9981627593850482,1.0834253243815484
0.9981627593850482,1.0814889882191132
0.9981627593850482,1.0838958359724205
0.9981627593850482,1.0852892741453877
0.9981627593850482,1.0840768019689095
0.9981627593850482,1.0840587053692605
0.9981627593850482,1.0837872563745268
0.9981627593850482,1.0849092455527602
0.9981627593850482,1.0855064333411748
0.9981627593850482,1.0870084511120355
0.9981627593850482,1.0875151559022056
0.9981627593850482,1.0875875423008012
0.9981627593850482,1.0849997285510047
0.9981627593850482,1.0868274851155464
0.9981627593850482,1.0877142184983435
0.9981627593850482,1.088094247090971
0.9981627593850482,1.0897229410593743
0.9981627593850482,1.0881847300892158
0.9981627593850482,1.0901391628512997
0.9981627593850482,1.0913335384281289
0.9981627593850482,1.0912249588302354
0.9981627593850482,1.0924012378074155
0.9981627593850482,1.0943013807705528
0.9981627593850482,1.0922564650102242
0.9981627593850482,1.09198501601549
0.9981627593850482,1.0903201288477888
0.9981627593850482,1.0871894171085246
0.9981627593850482,1.0883475994860559
0.9981627593850482,1.088329502886407
0.9981627593850482,1.0871713205088758
0.9981627593850482,1.0905734812428738
0.9981627593850482,1.0902658390488422
0.9981627593850482,1.0901753560505976
0.9981627593850482,1.0914240214263735
0.9981627593850482,1.09182214661865
0.9981627593850482,1.092527914004958
0.9981627593850482,1.092455527606362
0.9981627593850482,1.0823576250022615
0.9981627593850482,1.0842396713657496
0.9981627593850482,1.0880580538916729
0.9981627593850482,1.0877142184983433
0.9981627593850482,1.085397853743281
0.9981627593850482,1.080747027633507
0.9981627593850482,1.0802765160426349
0.9981627593850482,1.0802946126422839
0.9971631758068263,1.0913154418284796
0.996248930793463,1.0928717493982871
0.9952443552668052,1.0914602146256709
0.9941304758554395,1.0907363506397139
0.9931259835104332,1.08995819685481
0.9931985964244165,1.0903201288477886
0.993137721342073,1.0907001574404163
0.9930562204283466,1.0908630268372566
0.9928925120971512,1.087352286505365
0.9930251927601114,1.086646519119057
0.9930334007865528,1.0870627409109823
0.9929507138112487,1.0853978537432811
0.993203487323475,1.0822128522050702
0.9930411507042504,1.0824119148012086
0.9932844875051314,1.0813623120215707
0.9922301712980598,1.0815432780180598
0.9922301712980598,1.084203478166452
0.9922301712980598,1.0873160933060673
0.9922301712980598,1.0853073707450365
0.9922301712980598,1.0848187625545154
0.9922301712980598,1.0847644727555685
0.9922301712980598,1.0808556072314006
0.9922301712980598,1.0811994426247302
0.9922301712980598,1.081235635824028
0.9922301712980598,1.081000380028592
0.9922301712980598,1.0756437865325097
0.9922301712980598,1.0762047811216264
0.9922301712980598,1.0773086737002107
0.9922301712980598,1.075010405544797
0.9922301712980598,1.0742684449591913
0.9922301712980598,1.0753904341374247
0.9922301712980598,1.0753723375377757
0.9922301712980598,1.079733618053167
0.9922301712980598,1.0793897826598375
0.9922301712980598,1.0783039866809019
0.9922301712980598,1.0741779619609468
0.9922301712980598,1.083135778787165
0.9922301712980598,1.0830814889882183
0.9922301712980598,1.0860312347309933
0.9922301712980598,1.0860131381313445
0.9922301712980598,1.0931612949926701
0.9922301712980598,1.0947537957617757
0.9922301712980598,1.0962015237336895
0.9922301712980598,1.097794024502795
0.9922301712980598,1.0987712408838368
0.9922301712980598,1.0990064966792727
0.9922301712980598,1.0980473768978798
0.9922301712980598,1.097993087098933
0.9922301712980598,1.1005266110497824
0.9922301712980598,1.0998389402631232
0.9922301712980598,1.0983007292929645
0.9922301712980598,1.0979387972999861
0.9922301712980598,1.0970882571164866
0.9922301712980598,1.0974139959101672
0.9922301712980598,1.0986083714869965
0.9922301712980598,1.0986264680866455
0.9922301712980598,1.1023000778153775
0.9922301712980598,1.1045440561718443
0.9922301712980598,1.104833601766227
0.9922301712980598,1.1054126929549928
0.9922301712980598,1.1061908467398966
0.9922301712980598,1.1064984889339287
0.9922301712980598,1.1073128359181301
0.9922301712980598,1.1073852223167258
0.9922301712980598,1.1117826960314148
0.9922301712980598,1.1125970430156162
0.9922301712980598,1.1145695723773492
0.9922301712980598,1.1146962485748917
0.9922301712980598,1.1114207640384361
0.9922301712980598,1.1060641705423542
0.9922301712980598,1.112687526013861
0.9922301712980598,1.112379883819829
0.9922301712980598,1.115528692158742
0.9922301712980598,1.114768634973487
0.9922301712980598,1.1155829819576888
0.9922301712980598,1.1159087207513694
0.9922301712980598,1.1144971859787531
0.9922301712980598,1.116433522141188
0.9922301712980598,1.118152699107836
0.9922301712980598,1.1182793753053788
0.9922301712980598,1.1169583235310072
0.9922301712980598,1.1156553683562846
0.9922301712980598,1.1164516187408375
0.9922301712980598,1.1167230677355715
0.9922301712980598,1.1193832678839635
0.9922301712980598,1.118297471905028
0.9922301712980598,1.1175736079190708
0.9922301712980598,1.1176278977180178
0.9922301712980598,1.117103096328199
0.9922301712980598,1.1197090066776445
0.9922301712980598,1.1206681264590375
0.9922301712980598,1.1212291210481542
0.9922301712980598,1.1209214788541224
0.9922301712980598,1.1217177292386753
0.9922301712980598,1.1226949456197173
0.9922301712980598,1.1226768490200685
0.9922301712980598,1.1293544942905223
0.9922301712980598,1.13158037604734
0.9922301712980598,1.1326661720262756
0.9922301712980598,1.1316889556452336
0.9922301712980598,1.1316889556452336
0.9922301712980598,1.1285944371052672
0.9922301712980598,1.1258799471579284
0.9922301712980598,1.1251379865723226
0.9922301712980598,1.1216272462404309
0.9922301712980598,1.1220615646320051
0.9922301712980598,1.122278723827792
0.9922301712980598,1.1234007130060255
0.9922301712980598,1.1234007130060255
0.9922301712980598,1.1232016504098874
0.9922301712980598,1.1227492354186641
0.9922301712980598,1.1239074177961954
0.9922301712980598,1.1234188096056745
0.9922301712980598,1.1241064803923337
0.9922301712980598,1.1229302014151537
0.9922301712980598,1.1225501728225262
0.9922301712980598,1.1225863660218243
0.9922301712980598,1.1296621364845543
0.9922301712980598,1.1246312817821529
0.9922301712980598,1.1254818219656522
0.9922301712980598,1.1256446913624925
0.9922301712980598,1.1264409417470453
0.9922301712980598,1.1281420221140441
0.9922301712980598,1.1292821078919266
0.9922301712980598,1.129209721493331
0.9922301712980598,1.1281239255143953
0.9922301712980598,1.1307841256627875
0.9922301712980598,1.1323042400332974
0.9922301712980598,1.1319965978392657
0.9922301712980598,1.133860547603105
0.9922301712980598,1.1333176496136372
0.9922301712980598,1.1325575924283824
0.9922301712980598,1.1324852060297865
0.9922301712980598,1.1278343799200126
0.9922301712980598,1.1289744656978948
0.9922301712980598,1.1288115963010543
0.9922301712980598,1.1298431024810431
0.9922301712980598,1.130132648075426
0.9922301712980598,1.129879295680341
0.9922301712980598,1.1285220507066716
0.9922301712980598,1.128431567708427
0.9922301712980598,1.1268209703396725
0.9922301712980598,1.1282686983115866
0.9922301712980598,1.1291373350947351
0.9922301712980598,1.1297345228831495
0.9922301712980598,1.1304583868691065
0.9922301712980598,1.1309288984599786
0.9922301712980598,1.130566966467
0.9922301712980598,1.1306212562659468
0.9922301712980598,1.1322137570350523
0.9922301712980598,1.1290106588971924
0.9922301712980598,1.1307298358638405
0.9922301712980598,1.1278162833203633
0.9922301712980598,1.1302774208726174
0.9922301712980598,1.127924862918257
0.9922301712980598,1.1258256573589815
0.9922301712980598,1.1258256573589815
0.9922301712980598,1.1258075607593327
0.9922301712980598,1.125934236956875
0.9922301712980598,1.125481821965652
0.9922301712980598,1.1275991241245764
0.9922301712980598,1.1275629309252786
0.9922301712980598,1.1298431024810434
0.9922301712980598,1.1295535568866604
0.9922301712980598,1.1295897500859584
0.9922301712980598,1.1324490128304887
0.9922301712980598,1.1325033026294355
0.9922301712980598,1.1350368265802855
0.9922301712980598,1.1343491557936263
0.9922301712980598,1.1354349517725615
0.9922301712980598,1.1363940715539549
0.9922301712980598,1.1364664579525505
0.9922301712980598,1.1364302647532527
0.9922301712980598,1.1376246403300818
0.9922301712980598,1.134892053783094
0.9922301712980598,1.1366655205486886
0.9922301712980598,1.134095803398541
0.9922301712980598,1.1348015707848493
0.9922301712980598,1.1350368265802853
0.9922301712980598,1.1357244973669443
0.9922301712980598,1.1411172840623243
0.9922301712980598,1.1419316310465257
0.9922301712980598,1.1422030800412595
0.9922301712980598,1.142329756238802
0.9922301712980598,1.1422030800412595
0.9922301712980598,1.1407372554696966
0.9922301712980598,1.1378417995258685
0.9922301712980598,1.1377875097269219
0.9922301712980598,1.1344577353915195
0.9922301712980598,1.1363759749543059
0.9922301712980598,1.135833076964838
0.9922301712980598,1.1361950089578163
0.9922301712980598,1.1370998389402627
0.9922301712980598,1.1388914023055063
0.9922301712980598,1.1379684757234112
0.9922301712980598,1.1379322825241132
0.9922301712980598,1.1400676812826864
0.9922301712980598,1.1413525398577602
0.9922301712980598,1.143813677410014
0.9922301712980598,1.1434517454170356
0.9922301712980598,1.1446280243942157
0.9922301712980598,1.1459852693678851
0.9922301712980598,1.1476139633362883
0.9922301712980598,1.1476682531352351
0.9922301712980598,1.1492426573046914
0.9922301712980598,1.1500389076892443
0.9922301712980598,1.15011129408784
0.9922301712980598,1.1489169185110109
0.9922301712980598,1.149568396098372
0.9922301712980598,1.1495322028990742
0.9922301712980598,1.148102571526809
0.9922301712980598,1.149568396098372
0.9922301712980598,1.1506179988780099
0.9922301712980598,1.150817061474148
0.9922301712980598,1.1524638520422004
0.9922301712980598,1.152988653432019
0.9922301712980598,1.1530972330299127
0.9922301712980598,1.1528076874355297
0.9922301712980598,1.152771494236232
0.9922301712980598,1.1535677446207848
0.9922301712980598,1.1535315514214868
0.9922301712980598,1.1534772616225402
0.9922301712980598,1.152536238440796
0.9922301712980598,1.1511428002678288
0.9922301712980598,1.1510885104688822
0.9922301712980598,1.1526086248393919
0.9922301712980598,1.152572431640094
0.9922301712980598,1.1544544780035826
0.9922301712980598,1.1522828860457113
0.9922301712980598,1.1507084818762547
0.9922301712980598,1.1512875730650205
0.9922301712980598,1.1502379702853827
0.9922301712980598,1.1497493620948616
0.9922301712980598,1.1495322028990744
0.9922301712980598,1.1495683960983722
0.9922301712980598,1.1504551294811696
0.9922301712980598,1.151378056063265
0.9922301712980598,1.1512513798657225
0.9922301712980598,1.1517761812555416
0.9922301712980598,1.1521200166488712
0.9922301712980598,1.1452614053819283
0.9922301712980598,1.1482111511247033
0.9922301712980598,1.1480663783275118
0.9922301712980598,1.1570060985540813
0.9922301712980598,1.1520476302502756
0.9922301712980598,1.1537306140176256
0.9922301712980598,1.1542373188077957
0.9922301712980598,1.1463291047612152
0.9922301712980598,1.14759586673664
0.9922301712980598,1.143668904612823
0.9922301712980598,1.1435784216145783
0.9922301712980598,1.124667474981451
0.9922301712980598,1.1255361117645994
0.9922301712980598,1.1292278180929805
0.9922301712980598,1.1244865089849618
0.9922301712980598,1.1231111674116434
0.9922301712980598,1.1245227021842594
0.9922301712980598,1.125101793373025
0.9922301712980598,1.1251560831719718
0.9922301712980598,1.1683345699343093
0.9922301712980598,1.1651133751968004
0.9922301712980598,1.164389511210843
0.9922301712980598,1.1636294540255883
0.9922301712980598,1.1646066704066302
0.9922301712980598,1.165439113990481
0.9922301712980598,1.1670135181599375
0.9922301712980598,1.1669954215602887
0.9922301712980598,1.16545721059013
0.9922301712980598,1.1667601657648528
0.9922301712980598,1.1655657901880236
0.9922301712980598,1.165710562985215
0.9922301712980598,1.166705875965906
0.9922301712980598,1.1665068133697676
0.9922301712980598,1.1671220977578312
0.9922301712980598,1.1671220977578312
0.9922301712980598,1.1656019833873212
0.9922301712980598,1.1646428636059283
0.9922301712980598,1.1643533180115453
0.9922301712980598,1.1655657901880236
0.9922301712980598,1.1668144555637996
0.9922301712980598,1.1658915289817045
0.9922301712980598,1.1644257044101416
0.9922301712980598,1.1644799942090882
0.9922301712980598,1.163086556036121
0.9922301712980598,1.164027579217865
0.9922301712980598,1.1631227492354186
0.9922301712980598,1.1626884308438443
0.9922301712980598,1.1632132322336632
0.9922301712980598,1.1643895112108433
0.9922301712980598,1.1641361588157584
0.9922301712980598,1.1641180622161094
0.9922301712980598,1.1633761016305035
0.9922301712980598,1.160372066088782
0.9922301712980598,1.1595577191045803
0.9922301712980598,1.1575851897428473
0.9922301712980598,1.1578747353372303
0.9922301712980598,1.1565536835628587
0.9922301712980598,1.1577661557393366
0.9922301712980598,1.1577661557393366
0.9922301712980598,1.149821748493458
0.9922301712980598,1.146220525163322
0.9922301712980598,1.1494236233011819
0.9922301712980598,1.1515047322608085
0.9922301712980598,1.1530972330299143
0.9922301712980598,1.152210499647117
0.9922301712980598,1.1546897337990198
0.9922301712980598,1.1547440235979665
0.9922301712980598,1.1493693335022355
0.9922301712980598,1.1530429432309672
0.9922301712980598,1.150183680486437
0.9922301712980598,1.1488988219113632
0.9922301712980598,1.1507808682748515
0.9922301712980598,1.151160896867479
0.9922301712980598,1.150147487287139
0.9922301712980598,1.1501655838867881
0.9922301712980598,1.155305018187083
0.9922301712980598,1.1683888597332563
0.9922301712980598,1.1679726379413309
0.9922301712980598,1.1666696827666083
0.9922301712980598,1.168624115528692
0.9922301712980598,1.1680812175392243
0.9922301712980598,1.1677192855462457
0.9922301712980598,1.1677735753451923
0.9922301712980598,1.1660363017788955
0.9922301712980598,1.1661629779764378
0.9922301712980598,1.1671763875567776
0.9922301712980598,1.1672125807560756
0.9922301712980598,1.1663258473732783
0.9922301712980598,1.1653124377929385
0.9922301712980598,1.1626522376445463
0.9922301712980598,1.162688430843844
0.9922301712980598,1.1627970104417373
0.9922301712980598,1.1630684594364715
0.9922301712980598,1.163177039034365
0.9922301712980598,1.1641904486147048
0.9922301712980598,1.163376101630503
0.9922301712980598,1.1652219547946934
0.9922301712980598,1.167502126350458
0.9922301712980598,1.167266870555022
0.9922301712980598,1.1678640583434365
0.9922301712980598,1.1693660761142972
0.9922301712980598,1.1700175537016584
0.9922301712980598,1.1695651387104353
0.9922301712980598,1.1704156788939348
0.9922301712980598,1.1709223836841047
0.9922301712980598,1.1701623264988499
0.9922301712980598,1.1700718435006052
0.9922301712980598,1.1689317577227227
0.9922301712980598,1.1706328380897217
0.9922301712980598,1.1709042870844555
0.9922301712980598,1.1720624694619868
0.9922301712980598,1.1733473280370608
0.9922301712980598,1.1743969308166984
0.9922301712980598,1.174270254619156
0.9922301712980598,1.1743426410177515
0.9922301712980598,1.1681536039378189
0.9922301712980598,1.1651133751967995
0.9922301712980598,1.1650409887982036
0.9922301712980598,1.1667239725655538
0.9922301712980598,1.1665972963680113
0.9922301712980598,1.1663258473732774
0.9922301712980598,1.1673030637543194
0.9922301712980598,1.1675021263504577
0.9922301712980598,1.1563727175663683
0.9922301712980598,1.1539296766137632
0.9922301712980598,1.1495141062994254
0.9922301712980598,1.1526448180386897
0.9922301712980598,1.1551964385891882
0.9922301712980598,1.1546535405997203
0.9922301712980598,1.1587433721203777
0.9922301712980598,1.1588338551186226
0.9922301712980598,1.1616931178631529
0.9922301712980598,1.1653667275918849
0.9922301712980598,1.1624712716480567
0.9922301712980598,1.161475958667366
0.9922301712980598,1.1599377476972073
0.9922301712980598,1.1597929749000158
0.9922301712980598,1.164787636403119
0.9922301712980598,1.1646971534048747
0.9922301712980598,1.1669592283609904
0.9922301712980598,1.1683888597332555
0.9922301712980598,1.1693479795146484
0.9922301712980598,1.1689317577227232
0.9922301712980598,1.171103349680594
0.9922301712980598,1.1719900830633916
0.9922301712980598,1.1744693172152945
0.9922301712980598,1.1745598002135391
0.9922301712980598,1.178197216742973
0.9922301712980598,1.165728659584863
0.9922301712980598,1.1684431495322019
0.9922301712980598,1.169854684304818
0.9922301712980598,1.1674478365515109
0.9922301712980598,1.169601331909733
0.9922301712980598,1.1712300258781365
0.9922301712980598,1.1712300258781365
0.9922301712980598,1.1733292314374117
0.9922301712980598,1.1751569880019532
0.9922301712980598,1.1751569880019532
0.991238487006761,1.1736730668307411
0.9904084121732383,1.1719176966647955
0.9904084121732383,1.1730758790423268
0.9904084121732383,1.1741073852223154
0.9904084121732383,1.1741978682205603
0.9904084121732383,1.1745055104145918
0.9904084121732383,1.173238748439167
0.9904084121732383,1.1731301688412734
0.9904084121732383,1.1745236070142406
0.9904084121732383,1.1758989485875588
0.9904084121732383,1.1760075281854525
0.9904084121732383,1.176876164968601
0.9904084121732383,1.1769485513671967
0.9904084121732383,1.1827756564541507
0.9904084121732383,1.182468014260119
0.9904084121732383,1.1822508550643318
0.9904084121732383,1.1815993774769706
0.9904084121732383,1.180513581498035
0.9904084121732383,1.1798802005103226
0.9904084121732383,1.1802964223022478
0.9904084121732383,1.1803326155015457
0.9904084121732383,1.1863768797842869
0.9904084121732383,1.1882951193470728
0.9904084121732383,1.1893266255270616
0.9904084121732383,1.189236142528817
0.9904084121732383,1.1899419099151252
0.9904084121732383,1.1899057167158273
0.9904084121732383,1.190050489513019
0.9904084121732383,1.190050489513019
0.9904084121732383,1.190774353498976
0.9904084121732383,1.1914439276859865
0.9904084121732383,1.190086682712317
0.9904084121732383,1.19088293309687
0.9904084121732383,1.1914258310863377
0.9904084121732383,1.1922220814708904
0.9904084121732383,1.1897066541196897
0.9904084121732383,1.1896704609203919
0.9904084121732383,1.1955518558062928
0.9904084121732383,1.1960947537957607
0.9904084121732383,1.195497566007346
0.9904084121732383,1.1946108326245484
0.9904084121732383,1.1954613728080479
0.9904084121732383,1.1943755768291122
0.9904084121732383,1.195913787799271
0.9904084121732383,1.195841401400675
0.9904084121732383,1.194900378218931
0.9904084121732383,1.1941041278343782
0.9904084121732383,1.1937783890406974
0.9904084121732383,1.1942850938308676
0.9904084121732383,1.1947194122224418
0.9894030430957746,1.1954613728080477
0.9893574185863283,1.1942669972312185
0.9893706161539776,1.1942669972312185
0.9892391809570945,1.194122224434027
0.9893275114199458,1.193145008052985
0.9892901324289534,1.1930364284550914
0.9892494626900096,1.1913353480880924
0.9887840520721963,1.1937602924410484
0.9892042768533144,1.190231455509508
0.9894391503396768,1.1928916556579
0.9896229470929456,1.1980672831574928
0.9896571666991949,1.1993702383322153
0.9897324207416283,1.1990625961381836
0.9898138376055877,1.2016866030872777
0.9896415083495952,1.1994064315315132
0.9886687593833696,1.2002569717150127
0.9886687593833696,1.198465408349769
0.9886687593833696,1.1985558913480137
0.9886687593833696,1.198230152554333
0.9886687593833696,1.1972348395736423
0.9886687593833696,1.1972710327729401
0.9886687593833696,1.19895401654029
0.9886687593833696,1.199243562134673
0.9886687593833696,1.1999674261206301
0.9886687593833696,1.200962739101321
0.9886687593833696,1.200926545902023
0.9886687593833696,1.2005646139090445
0.9886687593833696,1.2034600698528726
0.9886687593833696,1.2026819160679687
0.9886687593833696,1.2059393040047752
0.9886687593833696,1.2058669176061796
0.9886687593833696,1.2066269747914342
0.9886687593833696,1.2066088781917854
0.9886687593833696,1.2066450713910832
0.9886687593833696,1.2068441339872213
0.9886687593833696,1.2057945312075835
0.9886687593833696,1.204419189634265
0.9886687593833696,1.203695325648308
0.9886687593833696,1.2002388751153632
0.9886687593833696,1.1981939593550346
0.9886687593833696,1.2002207785157142
0.9886687593833696,1.2003112615139588
0.9886687593833696,1.1998769431223846
0.9886687593833696,1.1996778805262465
0.9886687593833696,1.1950813442154193
0.9886687593833696,1.1953166000108555
0.9886687593833696,1.1954070830091004
0.9886687593833696,1.1963662027904933
0.9886687593833696,1.1962395265929509
0.9886687593833696,1.1962576231925999
0.9886687593833696,1.1864854593821799
0.9886687593833696,1.1921677916719426
0.9886687593833696,1.1924573372663256
0.9886687593833696,1.1904667113049436
0.9886687593833696,1.1863949763839352
0.9886687593833696,1.190557194303188
0.9886687593833696,1.1906657739010817
0.9886687593833696,1.1907019671003796
0.9886687593833696,1.1976148681662693
0.9886687593833696,1.191570603883528
0.9886687593833696,1.1919687290758043
0.9886687593833696,1.1967824245824186
0.9886687593833696,1.1968367143813654
0.9886687593833696,1.1978501239617052
0.9886687593833696,1.1975062885683758
0.9886687593833696,1.1975424817676736
0.9886687593833696,1.202555239870426
0.9886687593833696,1.2024466602725326
0.9886687593833696,1.2003474547132569
0.9886687593833696,1.1998769431223848
0.9886687593833696,1.1996959771258957
0.9886687593833696,1.2004379377115015
0.9886687593833696,1.2008903527027248
0.9886687593833696,1.2009446425016714
0.9886687593833696,1.1999493295209807
0.9886687593833696,1.2002026819160656
0.9886687593833696,1.1998045567237892
0.9886687593833696,1.1994607213304593
0.9886687593833696,1.1989540165402894
0.9886687593833696,1.2023742738739365
0.9886687593833696,1.2054325992146049
0.9886687593833696,1.2055954686114452
0.9886687593833696,1.201216091496405
0.9886687593833696,1.2048716046254881
0.9886687593833696,1.2069889067844126
0.9886687593833696,1.206880327186519
0.9886687593833696,1.2087623735500075
0.9886687593833696,1.2108977723085808
0.9886687593833696,1.2097395899310495
0.9886687593833696,1.2097576865306985
0.9886687593833696,1.2114225736983995
0.9886687593833696,1.2080566061636993
0.9886687593833696,1.2095224307352623
0.9886687593833696,1.209594817133858
0.9886687593833696,1.2104634539170065
0.9886687593833696,1.2113682838994528
0.9886687593833696,1.2109701587071764
0.9886687593833696,1.2109882553068252
0.9886687593833696,1.2140646772471426
0.9886687593833696,1.2162905590039605
0.9886687593833696,1.2170325195895664
0.9886687593833696,1.2165258147993965
0.9886687593833696,1.210988255306825
0.9886687593833696,1.2122188240829521
0.9886687593833696,1.210988255306825
0.9886687593833696,1.2109339655078781
0.9886687593833696,1.2124902730776859
0.9886687593833696,1.2138475180513553
0.9886687593833696,1.2157476610144924
0.9886687593833696,1.2155847916176523
0.9886687593833696,1.216580104598343
0.9886687593833696,1.2162905590039603
0.9886687593833696,1.215367632421865
0.9886687593833696,1.2165077181997472
0.9886687593833696,1.21410087044644
0.9886687593833696,1.2093052715394748
0.9886687593833696,1.2095043341356129
0.9886687593833696,1.2094319477370172
0.9886687593833696,1.2107529995113886
0.9886687593833696,1.21089777230858
0.9886687593833696,1.2109520621075267
0.9886687593833696,1.2129788812682063
0.9886687593833696,1.2156390814165985
0.9886687593833696,1.217484934580789
0.9886687593833696,1.2173763549828955
0.9886687593833696,1.217249678785353
0.9886687593833696,1.216543911399045
0.9886687593833696,1.218027832570257
0.9886687593833696,1.218009735970608
0.9886687593833696,1.2159286270109815
0.9886687593833696,1.2149152174306417
0.9886687593833696,1.2148247344323968
0.9886687593833696,1.2120378580864624
0.9886687593833696,1.2128160118713662
0.9886687593833696,1.2122912104815473
0.9886687593833696,1.2145894786369609
0.9886687593833696,1.2144266092401208
0.9886687593833696,1.2179192529723635
0.9886687593833696,1.210952062107527
0.9886687593833696,1.1977234477641623
0.9886687593833696,1.1927830760600053
0.9886687593833696,1.1936698094428029
0.9886687593833696,1.1892723357281139
0.9886687593833696,1.181907019671001
0.9886687593833696,1.1818708264717033
0.9886687593833696,1.1995693009283528
0.9886687593833696,1.1947556054217385
0.9886687593833696,1.1997140737255443
0.9886687593833696,1.2020485350802557
0.9886687593833696,1.200238875115363
0.9886687593833696,1.1981215729564387
0.9886687593833696,1.1998950397220332
0.9886687593833696,1.1886751479396993
0.9886687593833696,1.193905065238239
0.9886687593833696,1.1986825675455555
0.9886687593833696,1.2022837908756918
0.9886687593833696,1.2036591324490102
0.987680666123716,1.203224814057436
0.9869234662011812,1.198374925351524
0.9869234662011812,1.1982844423532792
0.9869234662011812,1.2093957545377196
0.9869234662011812,1.2106987097124422
0.9869234662011812,1.2037858086465525
0.9869234662011812,1.2017770860855217
0.9869234662011812,1.202175211277798
0.9869234662011812,1.2047268318282967
0.9869234662011812,1.2035686494507654
0.9869234662011812,1.2036048426500632
0.9859369306935293,1.2063736223963488
0.986161435557732,1.2072060659801993
0.985154491343325,1.2025552398704251
0.985154491343325,1.2004741309107987
0.985154491343325,1.1976510613655662
0.985154491343325,1.1953166000108548
0.985154491343325,1.1955518558062908
0.985154491343325,1.1956242422048866
0.985154491343325,1.1956061456052374
0.985154491343325,1.1936155196438556
0.985154491343325,1.197451998769428
0.985154491343325,1.1980129933585446
0.985154491343325,1.1995873975280011
0.985154491343325,1.2022837908756911
0.985154491343325,1.2021933078774465
0.985154491343325,1.2022475976763933
0.985154491343325,1.2101920049222719
0.985154491343325,1.2146618650355565
0.985154491343325,1.2134855860583762
0.985154491343325,1.2143542228415245
0.985154491343325,1.215711467815194
0.985154491343325,1.215476212019758
0.985154491343325,1.21477044463345
0.985154491343325,1.214788541233099
0.985154491343325,1.2135036826580254
0.985154491343325,1.2171049059881616
0.985154491343325,1.2165982011979917
0.985154491343325,1.2151685698257266
0.985154491343325,1.2164534284008004
0.985154491343325,1.2160191100092261
0.985154491343325,1.2147704446334502
0.985154491343325,1.2146980582348545
0.985154491343325,1.2147704446334502
0.985154491343325,1.2125988526755793
0.985154491343325,1.2106625165131442
0.985154491343325,1.2076765775710714
0.985154491343325,1.2029714616623506
0.985154491343325,1.2061202700012637
0.985154491343325,1.2084728279556238
0.985154491343325,1.2085995041531665
0.985154491343325,1.212399790079441
0.985154491343325,1.212834108471015
0.985154491343325,1.2129245914692595
0.985154491343325,1.2150599902278325
0.985154491343325,1.2167248773955337
0.985154491343325,1.2153676324218643
0.985154491343325,1.2154762120197578
0.985154491343325,1.2256645976221032
0.985154491343325,1.2245788016431678
0.985154491343325,1.2268408765992835
0.985154491343325,1.2268589731989326
0.985154491343325,1.2270761323947197
0.985154491343325,1.2272751949908576
0.985154491343325,1.2253569554280714
0.985154491343325,1.2256103078231564
0.985154491343325,1.2361425288188312
0.985154491343325,1.235418664832874
0.985154491343325,1.2367578132068946
0.985154491343325,1.2373369043956601
0.985154491343325,1.2376988363886388
0.985154491343325,1.2380698166814414
0.985154491343325,1.2399790079444033
0.985154491343325,1.2399428147451053
0.985154491343325,1.2407392460956543
0.985154491343325,1.2411552869215832
0.985154491343325,1.240666678731062
0.985154491343325,1.24305542988472
0.985154491343325,1.2443252682820853
0.985154491343325,1.24532655314066
0.985154491343325,1.2432363958812092
0.985154491343325,1.2433268788794538
0.985154491343325,1.2478872219909833
0.985154491343325,1.2456613402341654
0.985154491343325,1.2451365388443463
0.985154491343325,1.2460413688267926
0.985154491343325,1.2453536980401334
0.985154491343325,1.241499122314912
0.985154491343325,1.2437973904703257
0.985154491343325,1.2437431006713788
0.985154491343325,1.239626124251248
0.985154491343325,1.238549376572137
0.985154491343325,1.2367035234079464
0.985154491343325,1.2386036663710838
0.985154491343325,1.2385283845165442
0.985154491343325,1.2348576702437561
0.985154491343325,1.2304782931287161
0.985154491343325,1.230496389728365
0.985154491343325,1.236848296205138
0.985154491343325,1.2386579561700304
0.985154491343325,1.2345319314500753
0.985154491343325,1.2312564469136196
0.985154491343325,1.2321073490291121
0.985154491343325,1.2353010369351545
0.985154491343325,1.2341699994570965
0.985154491343325,1.2339890334606072
0.985154491343325,1.2351653124377873
0.985154491343325,1.23486671854358
0.985154491343325,1.2367402595052333
0.985154491343325,1.2374997737924986
0.985154491343325,1.2370654554009244
0.985154491343325,1.2367578132068924
0.985154491343325,1.2366673302086477
0.985154491343325,1.23663113700935
0.985154491343325,1.2281831013952418
0.985154491343325,1.2272751949908551
0.985154491343325,1.2272932915905044
0.985154491343325,1.2233482328670384
0.985154491343325,1.2235451238712187
0.985154491343325,1.2218281184965287
0.985154491343325,1.2221538572902095
0.985154491343325,1.2221900504895074
0.985154491343325,1.2256465010224522
0.985154491343325,1.2267142004017388
0.985154491343325,1.2294467869487267
0.985154491343325,1.2309488047195878
0.985154491343325,1.2317595323838597
0.985154491343325,1.2309849979188856
0.985154491343325,1.2260627228143777
0.985154491343325,1.226126060913149
0.985154491343325,1.2199648925966757
0.985154491343325,1.2141913534446824
0.985154491343325,1.2110968349047162
0.985154491343325,1.2145170922383632
0.985154491343325,1.2151685698257246
0.985154491343325,1.2178830597730637
0.985154491343325,1.2129607846685557
0.985154491343325,1.2128522050706623
0.985154491343325,1.2057402414086342
0.985154491343325,1.2004017445122013
0.985154491343325,1.1979496552597717
0.985154491343325,1.2015056370907857
0.985154491343325,1.2045368175319808
0.985154491343325,1.2122912104815455
0.985154491343325,1.214173256845034
0.985154491343325,1.214137063645736
0.985154491343325,1.227935720878042
0.985154491343325,1.2237644546589646
0.985154491343325,1.2244702220452726
0.985154491343325,1.229519173347323
0.985154491343325,1.2303425686313492
0.985154491343325,1.232921334081321
0.985154491343325,1.232957527280619
0.985154491343325,1.233156589876757
0.985154491343325,1.2318355381023856
0.985154491343325,1.229012468557153
0.985154491343325,1.2301706509346844
0.985154491343325,1.2343419171537617
0.985154491343325,1.2363687363144413
0.985154491343325,1.2362511084167231
0.985154491343325,1.235780596825851
0.985154491343325,1.235834886624798
0.985154491343325,1.2373278560958343
0.985154491343325,1.2348035614108057
0.985154491343325,1.2337537776651715
0.985154491343325,1.2371378417995207
0.985154491343325,1.2371378417995207
0.985154491343325,1.2356539206283086
0.985154491343325,1.2365949438100527
0.985154491343325,1.2365587506107547
0.985154491343325,1.2283971841690893
0.985154491343325,1.2241987730505386
0.985154491343325,1.2218643116958272
0.985154491343325,1.2199822653323387
0.985154491343325,1.2173401617835957
0.985154491343325,1.215530501818703
0.985154491343325,1.216200076005713
0.985154491343325,1.2162181726053622
0.985154491343325,1.2101015219240252
0.985154491343325,1.2165258147993938
0.985154491343325,1.2210499647116253
0.985154491343325,1.2197922510360248
0.985154491343325,1.2183535713639353
0.985154491343325,1.2208870953147848
0.985154491343325,1.216001013409575
0.985154491343325,1.215928627010979
0.985154491343325,1.2174668379811378
0.985154491343325,1.2137479867532837
0.985154491343325,1.2178106733744676
0.985154491343325,1.2110606417054182
0.9841695642092894,1.2062469461988037
0.9833456206487932,1.1993883349318608
0.9833456206487932,1.2046725420293474
0.9833456206487932,1.2046363488300493
0.9833456206487932,1.1919325358765034
0.9833456206487932,1.189344722126707
0.9833456206487932,1.1965290721873305
0.9833456206487932,1.2009627391013173
0.9833456206487932,1.199822653323435
0.9833456206487932,1.2023742738739336
0.9833456206487932,1.1946108326245444
0.9833456206487932,1.194719412222438
0.9833456206487932,1.2046363488300493
0.9833456206487932,1.1997502669248394
0.9833456206487932,1.1989268716408132
0.9833456206487932,1.1968367143813623
0.9833456206487932,1.1989525688123146
0.9833456206487932,1.196637651785224
0.9833456206487932,1.1991530791364247
0.9833456206487932,1.1992978519336162
0.9833456206487932,1.2213576069056566
0.9833456206487932,1.2174849345807865
0.9833456206487932,1.1947375088220868
0.9833456206487932,1.1894352051249515
0.9833456206487932,1.1854720498018367
0.9833456206487932,1.1909553194954612
0.9833456206487932,1.1808574168913604
0.9833456206487932,1.180911706690307
0.9833456206487932,1.1844586402214965
0.9833456206487932,1.1812917352829344
0.9833456206487932,1.195533759206639
0.9833456206487932,1.1946651224234905
0.9833456206487932,1.198447311750116
0.9833456206487932,1.1975605783673187
0.9833456206487932,1.1927106896614066
0.9833456206487932,1.192565916864215
0.9833456206487932,1.2016683255216285
0.9833456206487932,1.2061926563998566
0.9833456206487932,1.2078846884670311
0.9833456206487932,1.2108072893103325
0.9833456206487932,1.211098463598684
0.9833456206487932,1.2094138511373653
0.9833456206487932,1.2103186811198117
0.9833456206487932,1.2100653287247267
0.9833456206487932,1.210481550516652
0.9833456206487932,1.2121192927848796
0.9833456206487932,1.215584791617649
0.9833456206487932,1.2184619699958317
0.9833456206487932,1.2195115727754695
0.9833456206487932,1.2196022367397106
0.9833456206487932,1.2215204763024967
0.9833456206487932,1.221448089903901
0.9833456206487932,1.2257007908213986
0.9833456206487932,1.229772525742407
0.9833456206487932,1.2330297327132174
0.9833456206487932,1.2325774986879907
0.9833456206487932,1.231292640112917
0.9833456206487932,1.2321250836967674
0.9833456206487932,1.2298992019399495
0.9833456206487932,1.230025878137492
0.9833456206487932,1.2328127544834266
0.9833456206487932,1.2350207206065922
0.9833456206487932,1.235554389330239
0.9833456206487932,1.2367035234079458
0.9833456206487932,1.236848296205137
0.9833456206487932,1.233192783076054
0.9833456206487932,1.2335547150690325
0.9833456206487932,1.2340614198592024
0.9833456206487932,1.2342423858556915
0.9833456206487932,1.2356729220579392
0.9833456206487932,1.2309397564197626
0.9833456206487932,1.2310573843174806
0.9833456206487932,1.2310754809171296
0.9833456206487932,1.2347852838451596
0.9833456206487932,1.2369116343039084
0.9833456206487932,1.2315821857072997
0.9833456206487932,1.2308221285220449
0.9833456206487932,1.2325774986879907
0.9833456206487932,1.233518702835731
0.9833456206487932,1.2332470728750007
0.9833456206487932,1.2331565898767558
0.9833456206487932,1.2321974700953628
0.9833456206487932,1.23476049150364
0.9833456206487932,1.234640511047968
0.9833456206487932,1.237626269024044
0.9833456206487932,1.2376535948895138
0.9833456206487932,1.2389384534645875
0.9833456206487932,1.2374635805932
0.9833456206487932,1.237499773792498
0.9833456206487932,1.236097287319706
0.9833456206487932,1.2365225574114558
0.9833456206487932,1.2385674731717844
0.9833456206487932,1.2383593622758218
0.9833456206487932,1.2380336234821412
0.9833456206487932,1.2364139778135623
0.9833456206487932,1.2385312799724866
0.9833456206487932,1.2386217629707312
0.9833456206487932,1.243055429884718
0.9833456206487932,1.2426392080927926
0.9833456206487932,1.2414629291156123
0.9833456206487932,1.2418701026077132
0.9833456206487932,1.2417705713096443
0.9833456206487932,1.2418791509075378
0.9833456206487932,1.240793354928602
0.9833456206487932,1.240811451528251
0.9833456206487932,1.2404133263359747
0.9833456206487932,1.2372735662968861
0.9833456206487932,1.236700266020008
0.9833456206487932,1.2380285564342393
0.982363795856096,1.2343871586528825
0.981680573777536,1.234785283845159
0.981680573777536,1.237174034998817
0.981680573777536,1.2372645179970616
0.981680573777536,1.2386036663710822
0.981680573777536,1.2387212942688002
0.981680573777536,1.2395899310519487
0.981680573777536,1.238305072476875
0.981680573777536,1.2378978989847742
0.981680573777536,1.2371378417995194
0.981680573777536,1.2360882390198815
0.981680573777536,1.2360520458205837
0.981680573777536,1.2362228777212696
0.981680573777536,1.2346405110479675
0.981680573777536,1.2370835520005725
0.981680573777536,1.2375178703921468
0.981680573777536,1.235762500226201
0.981680573777536,1.244828896650313
0.981680573777536,1.2441412258636537
0.981680573777536,1.244050742865409
0.981680573777536,1.2353100852349777
0.981680573777536,1.2409562243254424
0.981680573777536,1.2405219059338681
0.981680573777536,1.2437611972710259
0.981680573777536,1.244991766047153
0.981680573777536,1.2465480736169607
0.981680573777536,1.247127164805726
0.981680573777536,1.2470728750067794
0.981680573777536,1.2441231292640045
0.981680573777536,1.2336813912665743
0.981680573777536,1.2316534863099156
0.981680573777536,1.235400568233222
0.981680573777536,1.235183409037435
0.981680573777536,1.234133625291801
0.981680573777536,1.2336813912665743
0.981680573777536,1.2349662498416478
0.981680573777536,1.232640836786761
0.981680573777536,1.2321612768960644
0.981680573777536,1.2314815686132508
0.981680573777536,1.2324146292911493
0.981680573777536,1.2336271014676274
0.981680573777536,1.2318355381023838
0.981680573777536,1.2318536347020326
0.980720796778027,1.2319803108995748
0.9797557064418071,1.228777212761715
0.978830734083082,1.2274561609873433
0.9792712639732388,1.2226062722814313
0.9788544748837468,1.2266961038020885
0.9788185746273339,1.22684087659928
0.9785877159393424,1.228505763766981
0.978564157590859,1.2284695705676831
0.9784903974757803,1.2292386760527625
0.9788569056857751,1.220742322517592
0.9788569056857751,1.2201089415298796
0.9788569056857751,1.219357932644449
0.9788569056857751,1.2170958576883333
0.9788569056857751,1.2181364121681466
0.9788569056857751,1.2148247344323932
0.9788569056857751,1.2150057004288826
0.9788569056857751,1.2270580357950671
0.9788569056857751,1.2306230659259054
0.9788569056857751,1.229772525742406
0.9788569056857751,1.2276190303841839
0.9788569056857751,1.227447112687519
0.9788569056857751,1.2228234314772186
0.9788569056857751,1.224198773050537
0.9788569056857751,1.2240720968529943
0.9788569056857751,1.2302430373332782
0.9788569056857751,1.2287229229627683
0.9788569056857751,1.2300168298376664
0.9788569056857751,1.2317541034039632
0.9788569056857751,1.2309759496190593
0.9788569056857751,1.231636475506245
0.9788569056857751,1.231636475506245
0.9788569056857751,1.2313650265115113
0.9788569056857751,1.237771222787231
0.9788569056857751,1.2371740349988165
0.9788569056857751,1.2394903997538789
0.9788569056857751,1.239997104544049
0.9788569056857751,1.2387212942687997
0.9788569056857751,1.2392370473587941
0.9788569056857751,1.2392370473587941
0.9788569056857751,1.2391103711612519
0.9788569056857751,1.2403590365370276
0.9788569056857751,1.24200582710508
0.9788569056857751,1.2430373332850686
0.9788569056857751,1.2432092509817334
0.9788569056857751,1.2441955156625997
0.9788569056857751,1.2447474619518921
0.9788569056857751,1.2449012830489077
0.9788569056857751,1.2449374762482057
0.9788569056857751,1.2461318518250346
0.9788569056857751,1.2477062559944911
0.9788569056857751,1.2493349499628945
0.9788569056857751,1.249172080566054
0.9788569056857751,1.249172080566054
0.9788569056857751,1.2500588139488515
0.9788569056857751,1.2501583452469207
0.9788569056857751,1.2486472791762353
0.9788569056857751,1.2482853471832567
0.9788569056857751,1.2490635009681605
0.9788569056857751,1.2489458730704426
0.9788569056857751,1.2491358873667564
0.9788569056857751,1.2491054850793464
0.9788569056857751,1.2442498054615465
0.9788569056857751,1.2438697768689193
0.9788569056857751,1.243372120378574
0.9788569056857751,1.2432182992815581
0.9788569056857751,1.2436526176731324
0.9788569056857751,1.2455723049638905
0.9788569056857751,1.2447565102517169
0.9788569056857751,1.2447746068513659
0.9788569056857751,1.24520892524294
0.9788569056857751,1.2443411932897739
0.9788569056857751,1.2436531605711219
0.9788569056857751,1.2443855299589137
0.9788569056857751,1.2446207857543496
0.9788569056857751,1.2442498054615467
0.9788569056857751,1.2431097196836645
0.9788569056857751,1.243136864583138
0.9788569056857751,1.2413543495177186
0.9788569056857751,1.2384046037749437
0.9788569056857751,1.2402504569391342
0.9788569056857751,1.2392641922582674
0.9788569056857751,1.2411190937222825
0.9788569056857751,1.2380607683816138
0.9788569056857751,1.233898550462361
0.9788569056857751,1.2339347436616588
0.9788569056857751,1.2417705713096439
0.9788569056857751,1.2332018313758775
0.9788569056857751,1.2326643623663043
0.9788569056857751,1.2326951265857076
0.9788569056857751,1.2315188476085275
0.9788569056857751,1.2362330118170726
0.9788569056857751,1.2363053982156684
0.9788569056857751,1.2363777846142643
0.9788569056857751,1.2433449754791006
0.9788569056857751,1.2456070504352161
0.9788569056857751,1.2466928464141518
0.9788569056857751,1.2460956586257375
0.9788569056857751,1.2460232722271416
0.9788569056857751,1.2443580231274476
0.9788569056857751,1.2445574476555787
0.9788569056857751,1.2445031578566321
0.9788569056857751,1.2488011002732522
0.9788569056857751,1.2470366818074818
0.9788569056857751,1.2476338695958964
0.9788569056857751,1.2503574078430597
0.9788569056857751,1.2517598943158517
0.9788569056857751,1.252058488210059
0.9788569056857751,1.251922763712692
0.9788569056857751,1.251904667113043
0.9788569056857751,1.2533098680757822
0.9788569056857751,1.2532076222877657
0.9788569056857751,1.255008233952834
0.9788569056857751,1.2540853073707388
0.9788569056857751,1.2537776651767072
0.9788569056857751,1.2518141841147987
0.9788569056857751,1.2479234151902796
0.9788569056857751,1.247950560089753
0.9788569056857751,1.2455527606362702
0.9788569056857751,1.2483758301815029
0.9788569056857751,1.2484844097793963
0.9788569056857751,1.248828245172726
0.9788569056857751,1.2466566532148549
0.9788569056857751,1.246620460015557
0.9788569056857751,1.247651966195546
0.9788569056857751,1.2477876906929128
0.9788569056857751,1.2513798657232245
0.9788569056857751,1.252158019508128
0.9788569056857751,1.2557049530393176
0.9788569056857751,1.2558587741363336
0.9788569056857751,1.256863135416849
0.9788569056857751,1.2575325286378627
0.9788569056857751,1.255885919035807
0.9788569056857751,1.2559764020340516
0.9788569056857751,1.25524348974827
0.9788569056857751,1.25575019453844
0.9788569056857751,1.2569174252157957
0.9788569056857751,1.2570985721782817
0.9788569056857751,1.2581027524928006
0.9788569056857751,1.2594238042671724
0.9788569056857751,1.2579941728949071
0.9788569056857751,1.2581389456920984
0.9788569056857751,1.2563473823268547
0.9788569056857751,1.255469697243882
0.9788569056857751,1.2575508062035083
0.9788569056857751,1.25398577607267
0.9788569056857751,1.2537324236775849
0.9788569056857751,1.2539495828733718
0.9788569056857751,1.2554516006442327
0.9788569056857751,1.2556687598400198
0.9788569056857751,1.246349011020823
0.9788569056857751,1.2435259414755906
0.9788569056857751,1.2425125318952508
0.9788569056857751,1.2425807560759272
0.9788569056857751,1.2452451184422386
0.9788569056857751,1.245154635443994
0.9788569056857751,1.2494616261604383
0.9788569056857751,1.2551982482491477
0.9788569056857751,1.2567183626196574
0.9788569056857751,1.257767965399295
0.9788569056857751,1.255867822436158
0.9788569056857751,1.2571993702383257
0.9788569056857751,1.2536962304782866
0.9788569056857751,1.252610434499351
0.9788569056857751,1.2522123093070747
0.9788569056857751,1.2520313433105854
0.9788569056857751,1.253488119582324
0.9788569056857751,1.2521580195081279
0.9788569056857751,1.2534428780832017
0.9788569056857751,1.2534881195823238
0.9788569056857751,1.2515246385204153
0.9788569056857751,1.2517779909155002
0.9788569056857751,1.2345138348504248
0.9788569056857751,1.2374454839935507
0.9788569056857751,1.2372464213974126
0.9788569056857751,1.2325232088890428
0.9788569056857751,1.2282524113718962
0.9788569056857751,1.2266418140031419
0.9788569056857751,1.2262436888108654
0.9788569056857751,1.2261532058126206
0.9788569056857751,1.235074829439541
0.9788569056857751,1.2391322680468266
0.9788569056857751,1.2306502108253785
0.9788569056857751,1.2317088619048409
0.9788569056857751,1.2323603394922023
0.9788569056857751,1.2459056443294232
0.9788569056857751,1.240214263739836
0.9788569056857751,1.2448469932499606
0.9788569056857751,1.246186141623981
0.9788569056857751,1.2481496226858895
0.9788569056857751,1.2503936010423564
0.9788569056857751,1.2487106172750062
0.9788569056857751,1.246439494019066
0.9788569056857751,1.2467290396134485
0.9788569056857751,1.24636710762047
0.9788569056857751,1.2464394940190657
0.9788569056857751,1.249534012559032
0.9788569056857751,1.248209522430727
0.9788569056857751,1.2450279592464493
0.9788569056857751,1.246801426012044
0.9788569056857751,1.2478148355923837
0.9788569056857751,1.2471905029044958
0.9788569056857751,1.247090971606427
0.9788569056857751,1.252764255596365
0.9788569056857751,1.2540491141714387
0.9788569056857751,1.2543205631661727
0.9788569056857751,1.2545286740621353
0.9788569056857751,1.2551620550498477
0.9788569056857751,1.2551801516494967
0.9788569056857751,1.2535695542807423
0.9788569056857751,1.253660037278987
0.9788569056857751,1.258021317794378
0.9788569056857751,1.2595233355652389
0.9788569056857751,1.259541432164888
0.9788569056857751,1.2584827810854256
0.9788569056857751,1.2595776253641855
0.9788569056857751,1.2596590600626056
0.9788569056857751,1.258690891981388
0.9788569056857751,1.2586275538826168
0.9788569056857751,1.2615501547259185
0.9788569056857751,1.2587180368808615
0.9788569056857751,1.2572102281981132
0.9788569056857751,1.2574205106860337
0.9788569056857751,1.2578946415968357
0.9788569056857751,1.2575508062035061
0.9788569056857751,1.2584918293852503
0.9788569056857751,1.2587270851806862
0.9788569056857751,1.251488445321116
0.9788569056857751,1.2415172189145578
0.9788569056857751,1.2463218661213478
0.9788569056857751,1.2466566532148526
0.9788569056857751,1.2497240268553458
0.9788569056857751,1.2507193398360366
0.9788569056857751,1.2558406775366828
0.9788569056857751,1.2560306918329966
0.9788569056857751,1.2517237011165523
0.9788569056857751,1.252501854901456
0.9778789621145021,1.2498778479523616
0.9782077857985267,1.2471369369695353
0.9771750426433865,1.2511446099277865
0.9771750426433865,1.2496878336560482
0.9771750426433865,1.2520132467109353
0.9771750426433865,1.2520675365098821
0.9771750426433865,1.2535514576810942
0.9771750426433865,1.2572341157096505
0.9771750426433865,1.2590709205740163
0.9771750426433865,1.2602562478510209
0.9771750426433865,1.2604100689480366
0.9771750426433865,1.2586546987820908
0.9771750426433865,1.2585280225845483
0.9771750426433865,1.2584375395863034
0.9771750426433865,1.254990137353183
0.9771750426433865,1.2543477080656462
0.9771750426433865,1.2498235581534147
0.9771750426433865,1.2445031578566306
0.9771750426433865,1.239399735789637
0.9771750426433865,1.2429468502868228
0.9771750426433865,1.2477062559944905
0.9771750426433865,1.2476519661955436
0.9771750426433865,1.245389891239428
0.9771750426433865,1.246113755225385
0.9771750426433865,1.2424944352955998
0.9771750426433865,1.2371921315984644
0.9771750426433865,1.2389475017644103
0.9771750426433865,1.2455346640366194
0.9771750426433865,1.2416239888524867
0.9761995524576804,1.2416077019128027
0.9753597787695325,1.2316726687055424
0.9753597787695325,1.2257369840206949
0.9753597787695325,1.2328127544834249
0.9753597787695325,1.2313831231111598
0.9753597787695325,1.2274928970846302
0.9753597787695325,1.228921985558906
0.9753597787695325,1.2259541432164822
0.9753597787695325,1.2259179500171842
0.9753597787695325,1.2391556126603736
0.9753597787695325,1.241064803923335
0.9753597787695325,1.2440688394650568
0.9753597787695325,1.2467652328127465
0.9753597787695325,1.2469281022095868
0.9753597787695325,1.2474710001990548
0.9753597787695325,1.2497511717548193
0.9753597787695325,1.2498597513527128
0.9753597787695325,1.2493892397618407
0.9753597787695325,1.2563383340270284
0.9753597787695325,1.2584194429866549
0.9753597787695325,1.256953618415092
0.9753597787695325,1.2571164878119323
0.9753597787695325,1.2584737327856017
0.9753597787695325,1.2557411462386139
0.9753597787695325,1.2559944986336988
0.9753597787695325,1.2590709205740163
0.9753597787695325,1.2584284912864794
0.9753597787695325,1.2572974538084216
0.9753597787695325,1.258512278542854
0.9753597787695325,1.2552344414484442
0.9753597787695325,1.2555238060768303
0.9753597787695325,1.2524475651025095
0.9753597787695325,1.2524837583018074
0.9753597787695325,1.2561211748312415
0.9753597787695325,1.2529180766933816
0.9753597787695325,1.2523751787039137
0.9753597787695325,1.2536781338786365
0.9753597787695325,1.2536057474800408
0.9753597787695325,1.2539857760726683
0.9753597787695325,1.25210372970918
0.9753597787695325,1.2537867134765301
0.9753597787695325,1.246222334823279
0.9753597787695325,1.2389655983640597
0.9753597787695325,1.235997756021636
0.9753597787695325,1.2390922745616024
0.9753597787695325,1.2399066215458039
0.9753597787695325,1.2329032374816695
0.9753597787695325,1.2328670442823717
0.9753597787695325,1.2304059067301176
0.9753597787695325,1.2351294811704803
0.9753597787695325,1.2391737092600221
0.9753597787695325,1.2397980419479102
0.9753597787695325,1.2390017915633573
0.9753597787695325,1.2349119600427
0.9753597787695325,1.2335185218697329
0.9743848406753763,1.233717584465871
0.9736047269832904,1.22447022204527
0.9736047269832904,1.2280533487757572
0.9736047269832904,1.2350205396405938
0.9736047269832904,1.232397075589489
0.9736047269832904,1.2379431404838954
0.9736047269832904,1.2370292622016248
0.9736047269832904,1.2355634376300617
0.9736047269832904,1.2355815342297105
0.9736047269832904,1.2417162815106964
0.9736047269832904,1.2459780307280186
0.9736047269832904,1.2441955156625992
0.9736047269832904,1.2459691633941903
0.9736047269832904,1.2432002026819082
0.9736047269832904,1.2388751153658148
0.9736047269832904,1.2418972475071852
0.9736047269832904,1.2418610543078874
0.9736047269832904,1.2396170759514205
0.9736047269832904,1.2401780705405372
0.9736047269832904,1.236947827503204
0.9736047269832904,1.2349345807922611
0.9736047269832904,1.2373459526954804
0.9736047269832904,1.2352015056370826
0.9736047269832904,1.2387484391682722
0.9736047269832904,1.2387665357679212
0.9736047269832904,1.2393094337573891
0.9736047269832904,1.2465299770173106
0.9736047269832904,1.2460775620260875
0.9736047269832904,1.2441050326643546
0.9736047269832904,1.247398613800459
0.9736047269832904,1.2451184422446941
0.9736047269832904,1.2474890967987036
0.9736047269832904,1.2476157729962458
0.9736047269832904,1.2423858556977063
0.9736047269832904,1.234658607647615
0.9736047269832904,1.2341157096581472
0.9736047269832904,1.234269530755163
0.9736047269832904,1.2342423858556897
0.9736047269832904,1.2324870156897438
0.9736047269832904,1.2349210083425244
0.9736047269832904,1.2349300566423487
0.9736047269832904,1.2362692050163693
0.9736047269832904,1.2402866501384309
0.9736047269832904,1.2422772760998126
0.9736047269832904,1.243905970068216
0.9736047269832904,1.2440686584990597
0.9736047269832904,1.243480699976466
0.9736047269832904,1.243887873468567
0.9736047269832904,1.2440507428654075
0.9736047269832904,1.2510541269295419
0.9736047269832904,1.2501854901463934
0.9736047269832904,1.25234803380444
0.9736047269832904,1.2532800086863594
0.9736047269832904,1.253171429088466
0.9736047269832904,1.254248176767577
0.9736047269832904,1.2542753216670504
0.9736047269832904,1.2541305488698589
0.9736047269832904,1.2498778479523611
0.9736047269832904,1.2445212544562794
0.9736047269832904,1.2418701026077117
0.9736047269832904,1.240956224325441
0.9736047269832904,1.2357559854503257
0.9736047269832904,1.240015201143697
0.9736047269832904,1.2393818201559845
0.9736047269832904,1.2384860384733627
0.9736047269832904,1.2377169329882836
0.9736047269832904,1.236649233608997
0.9736047269832904,1.2418248611085898
0.9736047269832904,1.2417162815106961
0.9736047269832904,1.2360882390198802
0.9736047269832904,1.2381512513798578
0.9736047269832904,1.2418520060080631
0.9736047269832904,1.243634340107486
0.9736047269832904,1.2401237807415908
0.9736047269832904,1.2453989395392526
0.9736047269832904,1.2420782135036748
0.9736047269832904,1.242042020304377
0.9736047269832904,1.2167791671944763
0.9736047269832904,1.2160553032085193
0.9736047269832904,1.2261532058126199
0.9736047269832904,1.225899853417535
0.9736047269832904,1.2328489476827225
0.9736047269832904,1.2328000868636704
0.9736047269832904,1.2310754809171278
0.9736047269832904,1.2311569156155482
0.9736047269832904,1.232926763061213
0.9736047269832904,1.2411190937222818
0.9736047269832904,1.241028610724037
0.9736047269832904,1.241752474709994
0.9736047269832904,1.2424130005971799
0.9736047269832904,1.2428380897229332
0.9736047269832904,1.2399066215458037
0.9736047269832904,1.2399066215458037
0.9736047269832904,1.2397980419479102
0.9736047269832904,1.2342389475017568
0.9736047269832904,1.2324870156897443
0.9736047269832904,1.2241987730505364
0.9736047269832904,1.2244521254456213
0.9736047269832904,1.2252664724298232
0.9736047269832904,1.2331203966774569
0.9736047269832904,1.2332018313758772
0.9736047269832904,1.2140646772471382
0.9736047269832904,1.2214118967046022
0.9736047269832904,1.221466186503549
0.9736047269832904,1.2180730740693755
0.9736047269832904,1.2197832027361988
0.9736047269832904,1.2215204763024958
0.9736047269832904,1.2169239399916687
0.9736047269832904,1.2172134855860515
0.9736047269832904,1.201758989485869
0.9736047269832904,1.2081108959626419
0.9736047269832904,1.2114678151975178
0.9736047269832904,1.2147702636674502
0.9736047269832904,1.2103277294196355
0.9736047269832904,1.2126169492752246
0.9736047269832904,1.22752130874608
0.9736047269832904,1.2272570983912054
0.9736047269832904,1.2230586872726548
0.9736047269832904,1.2326498850865855
0.9736047269832904,1.233048010278862
0.9736047269832904,1.2331927830760534
0.9736047269832904,1.234273150075094
0.9736047269832904,1.2278904793789178
0.9736047269832904,1.2252302792305256
0.9736047269832904,1.2267503936010355
0.9736047269832904,1.2270942289943652
0.9736047269832904,1.2200760057185187
0.9736047269832904,1.2238549376572072
0.9736047269832904,1.2215023797028468
0.9736047269832904,1.2219728912937189
0.9736047269832904,1.2239635172551009
0.9736047269832904,1.2238368410575584
0.9736047269832904,1.2103729709187576
0.9736047269832904,1.209757686530694
0.9736047269832904,1.2112052335366117
0.9736047269832904,1.2103548743191088
0.9736047269832904,1.2091425831086273
0.9736047269832904,1.2076385747118048
0.9736047269832904,1.2053059230170582
0.9736047269832904,1.2053059230170582
0.9736047269832904,1.213431296259426
0.9736047269832904,1.2040210644419846
0.9736047269832904,1.2005284207097418
0.9736047269832904,1.2004107928120238
0.9736047269832904,1.1991349825367743
0.9736047269832904,1.2019671003818315
0.9736047269832904,1.1985377947483598
0.9736047269832904,1.1986463743462534
0.9736047269832904,1.2139199044499467
0.9736047269832904,1.212164534284001
0.9736047269832904,1.209721493331396
0.9736047269832904,1.2096219620333268
0.9736047269832904,1.2102191498217414
0.9736047269832904,1.2117618849418121
0.9736047269832904,1.2105720335148955
0.9736047269832904,1.2105720335148955
0.9736047269832904,1.2195117537414648
0.9736047269832904,1.217955446171657
0.9736047269832904,1.214299933042574
0.9736047269832904,1.2141913534446807
0.9736047269832904,1.21554859841835
0.9736047269832904,1.214444524873769
0.9736047269832904,1.2138239924718073
0.9736047269832904,1.2137751316527554
0.9736047269832904,1.21116922130331
0.9736047269832904,1.2072694040789667
0.9736047269832904,1.2071336795815997
0.9736047269832904,1.2062288495991533
0.9736047269832904,1.2064820210282419
0.9736047269832904,1.2005465173093905
0.9736047269832904,1.1972167429739884
0.9736047269832904,1.197289129372584
0.9736047269832904,1.1919506324761509
0.9736047269832904,1.1903916104163959
0.9736047269832904,1.1906205324019545
0.9736047269832904,1.189250619808531
0.9736047269832904,1.1894352051249502
0.9736047269832904,1.1915706038835234
0.9736047269832904,1.1938688720389368
0.9736047269832904,1.194049838035426
0.9736047269832904,1.1819794060695925
0.9736047269832904,1.1801154563057532
0.9736047269832904,1.1816084257767898
0.9736047269832904,1.1812917352829335
0.9736047269832904,1.1788305977306794
0.9736047269832904,1.1727863334479383
0.9736047269832904,1.17360068043214
0.9736047269832904,1.173636873631438
0.9736047269832904,1.1947737020213836
0.9736047269832904,1.1962938163918932
0.9736047269832904,1.1871550335691858
0.9736047269832904,1.186394976383931
0.9736047269832904,1.1908648364972156
0.9736047269832904,1.1924754338659702
0.9736047269832904,1.1860149477913036
0.9736047269832904,1.186078285890075
0.9736047269832904,1.1789572739282228
0.9736047269832904,1.1834090374418587
0.9736047269832904,1.1853996634032402
0.9736047269832904,1.1856168225990273
0.9736047269832904,1.1840605150292198
0.9736047269832904,1.1850739246095596
0.9736047269832904,1.18203369586854
0.9736047269832904,1.1821784686657315
0.9736047269832904,1.1880236703523346
0.9736047269832904,1.1920049222750984
0.9736047269832904,1.1889465969344297
0.9736047269832904,1.1903038419080991
0.9736047269832904,1.1905843392026574
0.9736047269832904,1.1880417669519834
0.9736047269832904,1.1884398921442596
0.9736047269832904,1.1885032302430307
0.9736047269832904,1.1843681572232512
0.9736047269832904,1.180278325702594
0.9736047269832904,1.179029660326818
0.9736047269832904,1.17562749959282
0.9736047269832904,1.170252809497089
0.9736047269832904,1.1716281510704074
0.9736047269832904,1.1674116433522077
0.9736047269832904,1.1675383195497502
0.9736047269832904,1.1564632005646076
0.9736047269832904,1.1585262129245855
0.9736047269832904,1.1586890823214258
0.9736047269832904,1.1558298195768957
0.9736047269832904,1.1511789934671215
0.9736047269832904,1.149821748493452
0.9736047269832904,1.147469190539092
0.9736047269832904,1.1476501565355812
0.9736047269832904,1.1492788505039848
0.9736047269832904,1.1536763242186736
0.9736047269832904,1.153368682024642
0.9736047269832904,1.149676975696261
0.9736047269832904,1.146546263956997
0.9736047269832904,1.1432526828208924
0.9736047269832904,1.1437412910114133
0.9736047269832904,1.1436870012124667
0.9736047269832904,1.1629417832389237
0.9736047269832904,1.1557936263775979
0.9736047269832904,1.1577842523389799
0.9736047269832904,1.170198519698143
0.9736047269832904,1.169791346206042
0.9736047269832904,1.1738178396279282
0.9736047269832904,1.1767042472719318
0.9736047269832904,1.1769214064677187
0.9736047269832904,1.1840424184295708
0.9736047269832904,1.1880417669519836
0.9736047269832904,1.1904305181056418
0.9736047269832904,1.1904124215059926
0.9736047269832904,1.188566568341802
0.9736047269832904,1.1842595776253577
0.9736047269832904,1.185653015798325
0.9736047269832904,1.185671112397974
0.9736047269832904,1.175645596192469
0.9736047269832904,1.1860330443909524
0.9736047269832904,1.1835176170397517
0.9736047269832904,1.1827747516241633
0.9736047269832904,1.1820883475994794
0.9736047269832904,1.1843500606236024
0.9736047269832904,1.1869197777737497
0.9736047269832904,1.1870283573716434
0.9736047269832904,1.1916339419822948
0.9736047269832904,1.1898152337175778
0.9736047269832904,1.190484807904588
0.9736047269832904,1.1906295807017793
0.9736047269832904,1.1879874771530363
0.9736047269832904,1.1913353480880875
0.9736047269832904,1.1923668542680763
0.9736047269832904,1.192457337266321
0.9736047269832904,1.183574078430656
0.9736047269832904,1.1810021896885508
0.9736047269832904,1.1831556850467728
0.9736047269832904,1.1872093233681322
0.9736047269832904,1.1884489404440837
0.9736047269832904,1.1834452306411556
0.9736047269832904,1.193036428455086
0.9736047269832904,1.1929640420564904
0.9736047269832904,1.2208509021154852
0.9736047269832904,1.2176749488770988
0.9736047269832904,1.2213214137063573
0.9736047269832904,1.2234260482455273
0.9736047269832904,1.2229863008740582
0.9736047269832904,1.2177925767748168
0.9736047269832904,1.223076783872303
0.9736047269832904,1.2234387158652813
0.9736047269832904,1.2219911688593639
0.9736047269832904,1.222081470891612
0.9736047269832904,1.2284605222678584
0.9736047269832904,1.2303335203315222
0.9736047269832904,1.2315459925080001
0.9736047269832904,1.2289762753578528
0.9736047269832904,1.2303425686313467
0.9736047269832904,1.2303154237318734
0.9736047269832904,1.2319441177002766
0.9736047269832904,1.2330299136792122
0.9736047269832904,1.2295915597459164
0.9736047269832904,1.2295917407119128
0.9736047269832904,1.229596988725811
0.9736047269832904,1.2293201107511822
0.9736047269832904,1.2293201107511822
0.9736047269832904,1.2297091876436341
0.9736047269832904,1.2300439747371394
0.9736047269832904,1.2315121518666567
0.9736047269832904,1.2296277529452142
0.9736047269832904,1.23474909064586
0.9736047269832904,1.2344414484518282
0.9736047269832904,1.2365316057112792
0.9736047269832904,1.2414267359163136
0.9736047269832904,1.2416619917117497
0.9736047269832904,1.2477424491937887
0.9736047269832904,1.251452071155822
0.9736047269832904,1.253850051575301
0.9736047269832904,1.2540038726723168
0.9736047269832904,1.2554063591451086
0.9736047269832904,1.2536600372789872
0.9736047269832904,1.256627879621411
0.9736047269832904,1.256307569807625
0.9736047269832904,1.2589442443764736
0.9736047269832904,1.260844387339611
0.9736047269832904,1.2613510921297808
0.9736047269832904,1.2604824553466323
0.9736047269832904,1.2622018132792767
0.9736047269832904,1.2661104978374482
0.9736047269832904,1.2664724298304268
0.9736047269832904,1.2665629128286713
0.9736047269832904,1.2658209522430655
0.9736047269832904,1.2666352992272671
0.9736047269832904,1.2707794205468714
0.9736047269832904,1.268245896596022
0.9736047269832904,1.2678477714037455
0.9736047269832904,1.2680377857000593
0.9736047269832904,1.2695669483703935
0.9736047269832904,1.2695488517707447
0.9736047269832904,1.281836623898362
0.9736047269832904,1.2857272118568845
0.9736047269832904,1.2862158200474056
0.9736047269832904,1.2883186449266109
0.9736047269832904,1.2853924247633794
0.9736047269832904,1.2842070974863748
0.9736047269832904,1.2849309614723319
0.9736047269832904,1.2849490580719807
0.9736047269832904,1.2842613872853215
0.9736047269832904,1.2796829475741434
0.9736047269832904,1.2805139434300221
0.9736047269832904,1.2805875965905933
0.9736047269832904,1.280768743553079
0.9736047269832904,1.2817188150346475
0.9736047269832904,1.2824879205197268
0.9736047269832904,1.282614596717269
0.9736047269832904,1.2862158200474054
0.9736047269832904,1.2804971135923482
0.9736047269832904,1.2789047937892395
0.9736047269832904,1.2768598780289109
0.9736047269832904,1.2772489549213626
0.9736047269832904,1.2781990264029315
0.9736047269832904,1.2742720642791145
0.9736047269832904,1.2837546824951516
0.9736047269832904,1.2849309614723319
0.9736047269832904,1.2842070974863748
0.9736047269832904,1.2828498525127054
0.9736047269832904,1.2848082665267122
0.9736047269832904,1.2842251940860236
0.9736047269832904,1.2870482636312561
0.9736047269832904,1.2869939738323093
0.9736047269832904,1.2852386036663637
0.9736047269832904,1.2880073834126493
0.9736047269832904,1.2868582493349425
0.9736047269832904,1.2864329792431928
0.9736047269832904,1.2787690692918727
0.9736047269832904,1.2796579742666279
0.9736047269832904,1.2820716987278014
0.9736047269832904,1.281890732731312
0.9736047269832904,1.2847771403753157
0.9736047269832904,1.2874282922238833
0.9736047269832904,1.291680993141381
0.9736047269832904,1.2913914475469983
0.9736047269832904,1.291445737345945
0.9736047269832904,1.2912466747498066
0.9736047269832904,1.2920429251343595
0.9736047269832904,1.2920519734341838
0.9736047269832904,1.2922510360303219
0.9736047269832904,1.2914095441466469
0.9736047269832904,1.2909933223547216
0.9736047269832904,1.2923324707287422
0.9736047269832904,1.2936895347364152
0.9736047269832904,1.2936806674025871
0.9736047269832904,1.2941783238929325
0.9736047269832904,1.2940878408946879
0.9736047269832904,1.287717837818266
0.9736047269832904,1.2858176948551288
0.9736047269832904,1.2848404784740868
0.9736047269832904,1.2851843138674162
0.9736047269832904,1.2867225248375749
0.9736047269832904,1.2876092582203722
0.9736047269832904,1.2878988038147547
0.9736047269832904,1.2876544997194943
0.9736047269832904,1.2862339166470538
0.9736047269832904,1.2874644854231807
0.9736047269832904,1.284930961472331
0.9736047269832904,1.284270435585145
0.9736047269832904,1.2859624676523196
0.9736047269832904,1.2859172261531973
0.9736047269832904,1.2877178378182652
0.9736047269832904,1.2878083208165096
0.9736047269832904,1.2871749398287973
0.9736047269832904,1.2918619591378693
0.9736047269832904,1.2931830109122409
0.9736047269832904,1.2927260717711053
0.9736047269832904,1.297634955391873
0.9736047269832904,1.3000054289798857
0.9736047269832904,1.3000959119781301
0.9736047269832904,1.3005302303697044
0.9736047269832904,1.3105105050760868
0.9736047269832904,1.3078774498271681
0.9736047269832904,1.3090808737038215
0.9736047269832904,1.306375432056307
0.9736047269832904,1.3080222226243592
0.9736047269832904,1.3050724768815842
0.9736047269832904,1.30413145369984
0.9736047269832904,1.3043124196963294
0.9736047269832904,1.3043308782279712
0.9736047269832904,1.304601965290712
0.9736047269832904,1.2985935322752755
0.9736047269832904,1.2967208961436045
0.9736047269832904,1.2999332235472856
0.9736047269832904,1.298376915977478
0.9736047269832904,1.2994625309904173
0.9736047269832904,1.3075336144338383
0.9736047269832904,1.3086375070124228
0.9736047269832904,1.3084565410159334
0.9736047269832904,1.3092346948008373
0.9736047269832904,1.3102300077815283
0.9736047269832904,1.3108000506704696
0.9736047269832904,1.3096690131924118
0.9736047269832904,1.3204002967842248
0.9736047269832904,1.3249427242621015
0.9736047269832904,1.32401961671401
0.9736047269832904,1.3228342894370053
0.9736047269832904,1.324897301796983
0.9736047269832904,1.3264242928753593
0.9736047269832904,1.3278741924392314
0.9736047269832904,1.328037061836072
0.9736047269832904,1.3281818346332634
0.9736047269832904,1.3320635552579578
0.9736047269832904,1.3282540400658625
0.9736047269832904,1.3247434806999672
0.9736047269832904,1.3241462929115526
0.9736047269832904,1.3231147867315638
0.9736047269832904,1.3238929405164677
0.9736047269832904,1.3239019888162922
0.9736047269832904,1.3330679165384731
0.9736047269832904,1.333827973723728
0.9736047269832904,1.3335203315296964
0.9736047269832904,1.333574621328643
0.9736047269832904,1.3340632295191643
0.9736047269832904,1.3325974049476013
0.9736047269832904,1.3346785139072277
0.9736047269832904,1.3346785139072277
0.9736047269832904,1.336741707233202
0.9736047269832904,1.3385149930328
0.9736047269832904,1.3395464992127888
0.9736047269832904,1.3379319205921116
0.9736047269832904,1.3395103060134907
0.9736047269832904,1.3364700772724711
0.9736047269832904,1.337718742648247
0.9736047269832904,1.3378092256464915
0.9736047269832904,1.3302991367921873
0.9736047269832904,1.327910385638529
0.9736047269832904,1.3255578276841689
0.9736047269832904,1.3248882534971587
0.9736047269832904,1.3302086537939426
0.9736047269832904,1.3319097341609416
0.9736047269832904,1.3358909860837054
0.9736047269832904,1.3358366962847585
0.9736047269832904,1.3335022349300472
0.9736047269832904,1.3370310718615879
0.9736047269832904,1.33867786242964
0.9736047269832904,1.342840080348893
0.9736047269832904,1.343011998045558
0.9736047269832904,1.3439439729274776
0.9736047269832904,1.3433467851390632
0.9736047269832904,1.3434372681373077
0.9736047269832904,1.3471651676649863
0.9736047269832904,1.3521417325684408
0.9736047269832904,1.355914873595242
0.9736047269832904,1.3533180115456214
0.9736047269832904,1.353155142148781
0.9736047269832904,1.3541685517291209
0.9736047269832904,1.3537885231364937
0.9736047269832904,1.353933295933685
0.9736047269832904,1.3375567780813895
0.9736047269832904,1.3409037441864584
0.9726310907182073,1.3396548978446858
0.9717851466167737,1.3408856475868094
0.9717851466167737,1.3445049675165945
0.9717851466167737,1.3421162163629363
0.9717851466167737,1.3375015834524602
0.9717851466167737,1.3375558732514068
0.9717851466167737,1.3401798802005012
0.9717851466167737,1.3360448071807214
0.9717851466167737,1.3324164389511117
0.9717851466167737,1.3327964675437391
0.9717851466167737,1.33379178052443
0.9717851466167737,1.3276208400441463
0.9717851466167737,1.3365424636710668
0.9717851466167737,1.3366329466693117
0.9717851466167737,1.330697261984464
0.9717851466167737,1.3267702998606468
0.9717851466167737,1.3264626576666152
0.9717851466167737,1.3321268933567287
0.9717851466167737,1.3333031723339088
0.9717851466167737,1.3291047612153581
0.9717851466167737,1.327910385638529
0.9717851466167737,1.3278922890388802
0.9717851466167737,1.3321449899563778
0.9717851466167737,1.337700646048598
0.9717851466167737,1.3396007890117354
0.9717851466167737,1.3379992399428056
0.9717851466167737,1.3388769250257786
0.9717851466167737,1.3394469679147196
0.9717851466167737,1.3415009319748725
0.9717851466167737,1.3414285455762769
0.9717851466167737,1.3387683454278847
0.9717851466167737,1.3371758446587794
0.9717851466167737,1.3378816120450874
0.9717851466167737,1.3371758446587791
0.9717851466167737,1.3458079226913169
0.9717851466167737,1.341006532872464
0.9717851466167737,1.3441249389239671
0.9717851466167737,1.344161132123265
0.9717851466167737,1.3527751135561537
0.9717851466167737,1.3508930671926653
0.9717851466167737,1.352919886353345
0.9717851466167737,1.3523047829312778
0.9717851466167737,1.3524855679617707
0.9717851466167737,1.3520331529705476
0.9717851466167737,1.349264373224262
0.9717851466167737,1.3494634358204003
0.9717851466167737,1.3586565084420545
0.9717851466167737,1.359760401020639
0.9717851466167737,1.3553448307063012
0.9717851466167737,1.3554534103041946
0.9717851466167737,1.3554896035034925
0.9717851466167737,1.3556162797010352
0.9717851466167737,1.3581317070522358
0.9717851466167737,1.3582583832497783
0.9717851466167737,1.3581666334895586
0.9717851466167737,1.356665882480673
0.9717851466167737,1.3556253280008599
0.9717851466167737,1.356864945076811
0.9717851466167737,1.3567382688792688
0.9717851466167737,1.3587107982410016
0.9717851466167737,1.3581136104525873
0.9717851466167737,1.3575526158634705
0.9717851466167737,1.3624386977686807
0.9717851466167737,1.3646283863262008
0.9717851466167737,1.3657686530700794
0.9717851466167737,1.3657322789047852
0.9717851466167737,1.3649179319205835
0.9717851466167737,1.3656417959065406
0.9717851466167737,1.3656598925061894
0.9717851466167737,1.371396514594899
0.9717851466167737,1.36817531985739
0.9717851466167737,1.3688629906440493
0.9717851466167737,1.3695687580303573
0.9717851466167737,1.3667818816844226
0.9717851466167737,1.3671800068766988
0.9717851466167737,1.3688448940444
0.9717851466167737,1.368953473642294
0.9717851466167737,1.3672885864745927
0.9717851466167737,1.3674786007709065
0.9717851466167737,1.3694058886335172
0.9717851466167737,1.3716317703903351
0.9717851466167737,1.374527226334163
0.9717851466167737,1.3744729365352164
0.9717851466167737,1.372509455473308
0.9717851466167737,1.3725727935720795
0.9717851466167737,1.3710345826019208
0.9717851466167737,1.3748348685281953
0.9717851466167737,1.3747805787292486
0.9717851466167737,1.3751063175229292
0.9717851466167737,1.373305705857861
0.9717851466167737,1.373604299752068
0.9717851466167737,1.374364356937323
0.9717851466167737,1.3745272263341632
0.9717851466167737,1.3679581606616031
0.9717851466167737,1.3684105756528262
0.9717851466167737,1.3666733020865294
0.9717851466167737,1.366510432689689
0.9717851466167737,1.3673236938779119
0.9717851466167737,1.3673483052534345
0.9717851466167737,1.3648274489223393
0.9717851466167737,1.363063030456569
0.9717851466167737,1.364863642121637
0.9717851466167737,1.3669085578819655
0.9717851466167737,1.369541613130884
0.9717851466167737,1.3711522104996383
0.9717851466167737,1.3710345826019203
0.9717851466167737,1.3700211730215803
0.9717851466167737,1.3702021390180696
0.9717851466167737,1.3549467055140254
0.9717851466167737,1.3570278144736518
0.9717851466167737,1.3510740331891553
0.9717851466167737,1.3473642302611253
0.9717851466167737,1.3475994860565614
0.9717851466167737,1.3377549358475458
0.9717851466167737,1.334497547910739
0.9717851466167737,1.3344613547114412
0.9717851466167737,1.3406594400911984
0.9717851466167737,1.3481876255451515
0.9717851466167737,1.3441520838234409
0.9717851466167737,1.3427134041513513
0.9717851466167737,1.3411932897808414
0.9717851466167737,1.3409037441864586
0.9717851466167737,1.3378997086447368
0.9717851466167737,1.3378273222461412
0.9717851466167737,1.3470203948677957
0.9717851466167737,1.3350766390995046
0.9717851466167737,1.3193506940045878
0.9717851466167737,1.3149260753904255
0.9717851466167737,1.3256721981939505
0.9717851466167737,1.333248882534963
0.9717851466167737,1.3338098771240796
0.9717851466167737,1.3339184567219733
0.9717851466167737,1.3314030293707726
0.9717851466167737,1.3262635950704778
0.9717851466167737,1.3245806113031278
0.9717851466167737,1.3217034329249449
0.9717851466167737,1.3222732948478895
0.9717851466167737,1.3164009482618129
0.9717851466167737,1.3127816283320277
0.9717851466167737,1.320563166181066
0.9717851466167737,1.3131797535243042
0.9717851466167737,1.3176134204382912
0.9717851466167737,1.3147543386597573
0.9717851466167737,1.3300095911978056
0.9717851466167737,1.331466367469544
0.9717851466167737,1.3348821006532787
0.9717851466167737,1.3348956731030153
0.9717851466167737,1.333031723339176
0.9717851466167737,1.3434191715376593
0.9717851466167737,1.3371394704934856
0.9717851466167737,1.3419171537667984
0.9717851466167737,1.3415009319748732
0.9717851466167737,1.3409761305850545
0.9717851466167737,1.342098119763288
0.9717851466167737,1.3632530447528823
0.9717851466167737,1.3648314301742615
0.9717851466167737,1.3683562858538791
0.9717851466167737,1.3678314844640604
0.9717851466167737,1.3666642537867046
0.9717851466167737,1.3662932734939015
0.9717851466167737,1.365677989105838
0.9717851466167737,1.365714182305136
0.9717851466167737,1.3646464829258496
0.9717851466167737,1.362547277366574
0.9717851466167737,1.3622215385728935
0.9717851466167737,1.3621853453735957
0.9717851466167737,1.3610905010948358
0.9717851466167737,1.3604661684069477
0.9717851466167737,1.357950741055747
0.9717851466167737,1.3578783546571513
0.9717851466167737,1.357026728677673
0.9717851466167737,1.3555455219964083
0.9717851466167737,1.3583488662480236
0.9717851466167737,1.3572540219692635
0.9717851466167737,1.3588103295390712
0.9717851466167737,1.350006333809869
0.9717851466167737,1.3409942271847037
0.9717851466167737,1.3410666135832996
0.9717851466167737,1.3477442588537534
0.9717851466167737,1.351526448180379
0.9717851466167737,1.3504589297670888
0.9717851466167737,1.3511645161874004
0.9717851466167737,1.3518340903744106
0.9717851466167737,1.3507030528963528
0.9717851466167737,1.351037839989858
0.9717851466167737,1.3508749705930176
0.9717851466167737,1.3570821042725991
0.9717851466167737,1.3476899690548068
0.9717851466167737,1.3474909064586686
0.9717851466167737,1.348106190846732
0.9717851466167737,1.34763567925586
0.9717851466167737,1.3458893573897386
0.9717851466167737,1.3470565880670942
0.9717851466167737,1.3469007763441168
0.9717851466167737,1.3340270363198674
0.9717851466167737,1.3337736839247825
0.9717851466167737,1.3318644926618208
0.9717851466167737,1.334522883150248
0.9717851466167737,1.3315387538681402
0.9717851466167737,1.3283311315803683
0.9717851466167737,1.3276932264427437
0.9717851466167737,1.3278018060406374
0.9717851466167737,1.3317921062632254
0.9717851466167737,1.3385330896324503
0.9717851466167737,1.3361443384787923
0.9717851466167737,1.331348739571827
0.9717851466167737,1.3244177419062884
0.9717851466167737,1.3245444181038308
0.9717851466167737,1.3266074304638087
0.9717851466167737,1.327023652255734
0.9717851466167737,1.3207531804773813
0.9717851466167737,1.3305162959879768
0.9717851466167737,1.3285437666262438
0.9717851466167737,1.3256573589822402
0.9717851466167737,1.3272951012504683
0.9717851466167737,1.3280370618360742
0.9717851466167737,1.3269512658571385
0.9717851466167737,1.3273855842487128
0.9717851466167737,1.3226714200401675
0.9717851466167737,1.3255397310845223
0.9717851466167737,1.3308239381820086
0.9717851466167737,1.3291409544146586
0.9717851466167737,1.3276751298430955
0.9717851466167737,1.3239834235147148
0.9717851466167737,1.3194049838035367
0.9717851466167737,1.3210155811722912
0.9717851466167737,1.3335201505637027
0.9717851466167737,1.3352937982952937
0.9717851466167737,1.336451980672825
0.9717851466167737,1.3367295825114394
0.9717851466167737,1.3398903346061208
0.9717851466167737,1.340397039396291
0.9717851466167737,1.3407408747896203
0.9717851466167737,1.340849454387514
0.9717851466167737,1.3462603376825426
0.9717851466167737,1.3451562641379617
0.9717851466167737,1.349626305217243
0.9717851466167737,1.3513997719828377
0.9717851466167737,1.3508930671926678
0.9717851466167737,1.3520512495701988
0.9717851466167737,1.3506035215982848
0.9717851466167737,1.3509473569916144
0.9717851466167737,1.3488119582330413
0.9717851466167737,1.3517436073761673
0.9717851466167737,1.3550552851119206
0.9717851466167737,1.3527751135561559
0.9717851466167737,1.352168877467917
0.9717851466167737,1.351544544780029
0.9717851466167737,1.3494453392207535
0.9717851466167737,1.3494996290197
0.9717851466167737,1.3586203152427585
0.9717851466167737,1.3529922727519426
0.9717851466167737,1.3475542445574402
0.9717851466167737,1.3430934327439799
0.9717851466167737,1.3395826924120884
0.9717851466167737,1.3445583524855604
0.9717851466167737,1.3478347418519983
0.9717851466167737,1.3478347418519983
0.9717851466167737,1.3545485803217499
0.9717851466167737,1.357715485260312
0.9717851466167737,1.3587650880399496
0.9717851466167737,1.3580412240539925
0.9717851466167737,1.357444036265578
0.9717851466167737,1.3607376174016823
0.9717851466167737,1.3596156282234488
0.9717851466167737,1.3595251452252042
0.9717851466167737,1.3551638647098132
0.9717851466167737,1.3508116324942465
0.9717851466167737,1.3524674713621232
0.9717851466167737,1.3553629273059513
0.9717851466167737,1.3557610524982278
0.9717851466167737,1.3527389203568572
0.9717851466167737,1.353064659150538
0.9717851466167737,1.3529379829529953
0.9717851466167737,1.3464594002786796
0.9717851466167737,1.342478148355916
0.9717851466167737,1.3403065563980447
0.9717851466167737,1.3476177636222073
0.9717851466167737,1.347056588067094
0.9717851466167737,1.348793861633391
0.9717851466167737,1.34881195823304
0.9717851466167737,1.3487757650337422
0.9717851466167737,1.3548019327168344
0.9717851466167737,1.3549286089143768
0.9717851466167737,1.3569916212743542
0.9717851466167737,1.3580231274543428
0.9717851466167737,1.3601947194122141
0.9717851466167737,1.35914493566658
0.9717851466167737,1.3603032990101078
0.9717851466167737,1.3601404296132673
0.9717851466167737,1.3625472773665743
0.9717851466167737,1.3594525778606117
0.9717851466167737,1.362343690620524
0.9717851466167737,1.3644836135290095
0.9717851466167737,1.3644655169293607
0.9717851466167737,1.3653793952116315
0.9717851466167737,1.3660399210988172
0.9717851466167737,1.3661855987259912
0.9717851466167737,1.3637959427423505
0.9717851466167737,1.3622036229392416
0.9717851466167737,1.3594799037260819
0.9717851466167737,1.3570097178740035
0.9717851466167737,1.3558605837962967
0.9717851466167737,1.3564577715847115
0.9717851466167737,1.3556162797010363
0.9717851466167737,1.3555800865017384
0.9717851466167737,1.3596156282234488
0.9717851466167737,1.360339492209406
0.9717851466167737,1.3590184404350345
0.9717851466167737,1.360574748004842
0.9717851466167737,1.3613619500895704
0.9717851466167737,1.361172840623239
0.9717851466167737,1.360592844604491
0.9717851466167737,1.3652979605132116
0.9717851466167737,1.3635076639099433
0.9717851466167737,1.3620758609457202
0.9717851466167737,1.3602490092111612
0.9717851466167737,1.364827629888336
0.9717851466167737,1.363017788957447
0.9717851466167737,1.3658951483016262
0.9717851466167737,1.365831810202855
0.9717851466167737,1.36069237590256
0.9717851466167737,1.3647912557230417
0.9717851466167737,1.363723556343755
0.9717851466167737,1.3624206011690325
0.9717851466167737,1.3596156282234488
0.9717851466167737,1.357661195461365
0.9717851466167737,1.3587469914403008
0.9717851466167737,1.358638411842407
0.9717851466167737,1.3478530194176437
0.9717851466167737,1.3482871568432213
0.9717851466167737,1.3515264481803793
0.9717851466167737,1.3506035215982841
0.9717851466167737,1.3474456649595465
0.9717851466167737,1.3470565880670946
0.9717851466167737,1.3449030927088723
0.9717851466167737,1.3448488029099257
0.9717851466167737,1.3494634358204018
0.9717851466167737,1.346513690077627
0.9717851466167737,1.3499882372102208
0.9717851466167737,1.3481604806456793
0.9717851466167737,1.3473823268607754
0.9717851466167737,1.344070649125022
0.9717851466167737,1.3429486599467886
0.9717851466167737,1.3431477225429267
0.9717851466167737,1.3488662480319873
0.9717851466167737,1.3513454821838902
0.9717851466167737,1.3527570169565064
0.9717851466167737,1.3548743191154309
0.9717851466167737,1.3546933531189416
0.9717851466167737,1.3542952279266651
0.9717851466167737,1.3541323585298248
0.9717851466167737,1.3542047449284205
0.9717851466167737,1.355037188512271
0.9717851466167737,1.3535080258419367
0.9717851466167737,1.3568106552778658
0.9717851466167737,1.3569373314754085
0.9717851466167737,1.354566676921399
0.9717851466167737,1.3543676143252608
0.9717851466167737,1.3524131815631768
0.9717851466167737,1.352666533958262
0.9717851466167737,1.338379268535435
0.9717851466167737,1.3360900486798457
0.9717851466167737,1.3352485567961707
0.9717851466167737,1.3366691398686112
0.9717851466167737,1.334063229519166
0.9717851466167737,1.333773683924783
0.9717851466167737,1.3359633724823032
0.9717851466167737,1.3346785139072295
0.9717851466167737,1.3402070250999765
0.9717851466167737,1.3445773539151922
0.9717851466167737,1.3417904775692577
0.9717851466167737,1.3409218407861092
0.9717851466167737,1.3362167248773884
0.9717851466167737,1.337067265060888
0.9717851466167737,1.3371396514594835
0.9717851466167737,1.3420438299643425
0.9717851466167737,1.338587560397394
0.9717851466167737,1.3345970792088093
0.9717851466167737,1.3338225447438354
0.9717851466167737,1.3351671220977506
0.9717851466167737,1.3374472936535153
0.9717851466167737,1.3373749072549197
0.9717851466167737,1.337555873251409
0.9717851466167737,1.3328145641433904
0.9717851466167737,1.3366872364682605
0.9717851466167737,1.3431567708427516
0.9717851466167737,1.3438715865288842
0.9717851466167737,1.3413018693787369
0.9717851466167737,1.341772380969609
0.9717851466167737,1.340523715593833
0.9717851466167737,1.3343437268137248
0.9717851466167737,1.329774335402371
0.9717851466167737,1.327801806040638
0.9717851466167737,1.3298467218009666
0.9717851466167737,1.332647170596638
0.9717851466167737,1.3426772109520553
0.9717851466167737,1.3202193307877381
0.9717851466167737,1.3201831375884403
0.9717851466167737,1.3366600915687872
0.9717851466167737,1.3323259559528695
0.9717851466167737,1.3339365533216239
0.9717851466167737,1.3373115691561486
0.9717851466167737,1.3387502488282381
0.9717851466167737,1.340541812193482
0.9717851466167737,1.3422428925604812
0.9717851466167737,1.342297182359428
0.9717851466167737,1.3426591143524067
0.9717851466167737,1.3436725239327465
0.9717851466167737,1.344741671040005
0.9717851466167737,1.347509003058319
0.9717851466167737,1.348992924229531
0.9717851466167737,1.3503049277040782
0.9717851466167737,1.351490254981083
0.9717851466167737,1.3516169311786255
0.9717851466167737,1.3637597495430547
0.9717851466167737,1.366963028646911
0.9717851466167737,1.3680214987603767
0.9717851466167737,1.3685010586510733
0.9717851466167737,1.3710800050670415
0.9717851466167737,1.3716046254908638
0.9717851466167737,1.3710526792015716
0.9717851466167737,1.3710707758012206
0.9717851466167737,1.3814220308004062
0.9717851466167737,1.3867424310971903
0.9717851466167737,1.3906151034220606
0.9717851466167737,1.3939177328579895
0.9717851466167737,1.3962793391121746
0.9717851466167737,1.397184169094621
0.9717851466167737,1.3957545377223557
0.9717851466167737,1.3956640547241113
0.9717851466167737,1.4055694095079474
0.9717851466167737,1.3997176930454707
0.9717851466167737,1.3946054036446491
0.9717851466167737,1.396790568052257
0.9717851466167737,1.3962521942127013
0.9717851466167737,1.395953600318494
0.9717851466167737,1.3929676613764213
0.9717851466167737,1.393021951175368
0.9717851466167737,1.3951030601349945
0.9717851466167737,1.3952206880327125
0.9717851466167737,1.3900722054325931
0.9717851466167737,1.3915561266038052
0.9717851466167737,1.3909594817133801
0.9717851466167737,1.3915651749036295
0.9717851466167737,1.3908322626178478
0.9717851466167737,1.3909046490164436
0.9717851466167737,1.395320762228771
0.9717851466167737,1.3985957038672372
0.9717851466167737,1.3989214426609178
0.9717851466167737,1.3969670098988338
0.9717851466167737,1.3973651350911098
0.9717851466167737,1.3965326915072593
0.9717851466167737,1.3992290848549493
0.9717851466167737,1.3997158833855055
0.9717851466167737,1.3997991277438904
0.9717851466167737,1.4012378074159797
0.9717851466167737,1.3987947664633749
0.9717851466167737,1.3983966412710984
0.9717851466167737,1.3992109882553
0.9717851466167737,1.398975732459864
0.9717851466167737,1.398957635860215
0.9717851466167737,1.3999800937403792
0.9717851466167737,1.3999891420402037
0.9717851466167737,1.3970755894967266
0.9717851466167737,1.39550118532727
0.9717851466167737,1.395681970357763
0.9717851466167737,1.3935738974646596
0.9717851466167737,1.3941982301525473
0.9717851466167737,1.3945058723465793
0.9717851466167737,1.3981251922763647
0.9717851466167737,1.3974556180893545
0.9717851466167737,1.3971117826960249
0.9717851466167737,1.3987042834651302
0.9717851466167737,1.3985234984346375
0.9717851466167737,1.398975732459864
0.9717851466167737,1.3980347092781198
0.9717851466167737,1.3979080330805775
0.9717851466167737,1.4072277818997745
0.9717851466167737,1.4074811342948594
0.9717851466167737,1.4033551095749044
0.9717851466167737,1.4055628947320733
0.9717851466167737,1.4056443294304934
0.9717851466167737,1.4074449410955616
0.9717851466167737,1.4074992308945082
0.9717851466167737,1.4075897138927531
0.9717851466167737,1.4084945438751992
0.9717851466167737,1.4056624260301422
0.9717851466167737,1.4047123545485736
0.9717851466167737,1.4037532347671806
0.9717851466167737,1.4039884905626165
0.9717851466167737,1.4046399681499777
0.9717851466167737,1.4048390307461158
0.9717851466167737,1.4030121790115566
0.9717851466167737,1.4029750809822763
0.9717851466167737,1.403029370781223
0.9717851466167737,1.4019073816029897
0.9717851466167737,1.3996092944135727
0.9717851466167737,1.3998353209431877
0.9717851466167737,1.3982880616732045
0.9717851466167737,1.3982518684739067
0.9717851466167737,1.390669393221007
0.9717851466167737,1.389674080240316
0.9717851466167737,1.3904703306248687
0.9717851466167737,1.3909589388153896
0.9717851466167737,1.389131182250848
0.9717851466167737,1.3893121482473374
0.9717851466167737,1.3887692502578695
0.9717851466167737,1.388660670659976
0.9717851466167737,1.3934200763676434
0.9717851466167737,1.3974013282904074
0.9717851466167737,1.3945617908394943
0.9717851466167737,1.3928590817785267
0.9717851466167737,1.3925470964005793
0.9717851466167737,1.3925604878843194
0.9717851466167737,1.3917370926002932
0.9717851466167737,1.391809478998889
0.9717851466167737,1.387194846088413
0.9717851466167737,1.3882806420673486
0.9717851466167737,1.3858719846540766
0.9717851466167737,1.386959590292977
0.9717851466167737,1.383557429558979
0.9717851466167737,1.3812084909245483
0.9717851466167737,1.380137172225332
0.9717851466167737,1.380372428020768
0.9717851466167737,1.383507482943948
0.9717851466167737,1.3858649269802137
0.9717851466167737,1.3883711250655932
0.9717851466167737,1.3869053004940302
0.9717851466167737,1.385168026927733
0.9717851466167737,1.3865569409507883
0.9717851466167737,1.3856385385186054
0.9717851466167737,1.3814582239997033
0.9717851466167737,1.3819287355905754
0.9717851466167737,1.3835214173256771
0.9717851466167737,1.3829059519716171
0.9717851466167737,1.3812953546028628
0.9717851466167737,1.3825802131779366
0.9717851466167737,1.3816029967968946
0.9717851466167737,1.3817477695940856
0.9717851466167737,1.385638538518605
0.9717851466167737,1.3838831683526591
0.9717851466167737,1.385186123527382
0.9717851466167737,1.3857652147161477
0.9717851466167737,1.3844622595414249
0.9717851466167737,1.3855571038201848
0.9717851466167737,1.385928084112988
0.9717851466167737,1.385928084112988
0.9717851466167737,1.3878101304764763
0.9717851466167737,1.385946180712637
0.9717851466167737,1.384968964331595
0.9717851466167737,1.3838831683526593
0.9717851466167737,1.3856023453193071
0.9717851466167737,1.3871224596898168
0.9717851466167737,1.386109050109477
0.9717851466167737,1.3862176297073703
0.9717851466167737,1.390552851119267
0.9717851466167737,1.394152988653424
0.9717851466167737,1.3945963553448226
0.9717851466167737,1.3970393962974275
0.9717851466167737,1.3956640547241093
0.9717851466167737,1.392804791979579
0.9717851466167737,1.3953745091297267
0.9717851466167737,1.3953926057293755
0.9717851466167737,1.3965688847065558
0.9717851466167737,1.4024142673591555
0.9717851466167737,1.395392605729376
0.9717851466167737,1.3928771783781753
0.9717851466167737,1.3926055484174449
0.9717851466167737,1.3910494218136338
0.9717851466167737,1.3923342803887078
0.9717851466167737,1.3923161837890587
0.9717851466167737,1.3865252719014023
0.9717851466167737,1.3861090501094773
0.9717851466167737,1.3851497493620875
0.9717851466167737,1.385909987513339
0.9717851466167737,1.3871405562894656
0.9717851466167737,1.385602345319307
0.9717851466167737,1.3879187100743697
0.9717851466167737,1.388045386271912
0.9717851466167737,1.3789880381476245
0.9717851466167737,1.3817477695940859
0.9717851466167737,1.3831050145677553
0.9717851466167737,1.3794314048390233
0.9717851466167737,1.3785808646555238
0.9717851466167737,1.3766617202627554
0.9717851466167737,1.3783275122604388
0.9717851466167737,1.3784541884579815
0.9717851466167737,1.380888181110762
0.9717851466167737,1.3849508677319458
0.9717851466167737,1.3860638086103547
0.9717851466167737,1.3842451003456377
0.9717851466167737,1.3847156119365098
0.9717851466167737,1.3840460377494996
0.9717851466167737,1.3846432255379144
0.9717851466167737,1.3925966810836172
0.9717851466167737,1.3921352177925697
0.9717851466167737,1.3994281474510868
0.9717851466167737,1.3986499936661831
0.9717851466167737,1.3993557610524912
0.9717851466167737,1.4000796250384482
0.9717851466167737,1.3991566984563528
0.9717851466167737,1.397618487486194
0.9717851466167737,1.3924428599866014
0.9717851466167737,1.3933612624187843
0.9717851466167737,1.3950487703360468
0.9717851466167737,1.3924285636728788
0.9717851466167737,1.3938905879585155
0.9717851466167737,1.3938543947592177
0.9717851466167737,1.3888597332561141
0.9717851466167737,1.3891854720497945
0.9717851466167737,1.3887149604589224
0.9717851466167737,1.3879368066740188
0.9717851466167737,1.388841636656465
0.9717851466167737,1.3875929712806891
0.9717851466167737,1.3860909535098282
0.9717851466167737,1.3861995331077217
0.9717851466167737,1.3827611791744259
0.9717851466167737,1.382163991386011
0.9717851466167737,1.3792866320418318
0.9717851466167737,1.3799851607882803
0.9717851466167737,1.3808067464123415
0.9717851466167737,1.3806076838162034
0.9717851466167737,1.3795761776362148
0.9717851466167737,1.379775240232353
0.9717851466167737,1.3694782750321142
0.9717851466167737,1.374254872509448
0.9717851466167737,1.3726994697696229
0.9717851466167737,1.373911941946101
0.9717851466167737,1.3722199098789263
0.9717851466167737,1.371360502361599
0.9717851466167737,1.371486997593145
0.9717851466167737,1.3715231907924428
0.9717851466167737,1.3867605276968382
0.9717851466167737,1.3825078267793407
0.9717851466167737,1.385701876617376
0.9717851466167737,1.3854937657214135
0.9717851466167737,1.3857290215168496
0.9717851466167737,1.3844622595414247
0.9717851466167737,1.3829330968710905
0.9717851466167737,1.3829421451709147
0.9717851466167737,1.3753415733183658
0.9717851466167737,1.3727537595685695
0.9717851466167737,1.378508478256928
0.9717851466167737,1.3805895872165546
0.9717851466167737,1.3795940932698671
0.9717851466167737,1.3791925297236576
0.9717851466167737,1.3767350114913335
0.9717851466167737,1.374454839935569
0.9717851466167737,1.3688991838433489
0.9717851466167737,1.3701207043196513
0.9717851466167737,1.371251741797709
0.9717851466167737,1.3704012016142095
0.9717851466167737,1.370799326806486
0.9717851466167737,1.3706002642103479
0.9717851466167737,1.3707088438082415
0.9708564281546469,1.375703505311345
0.9708866088911811,1.3757216019109941
0.970742642397181,1.3765902386941427
0.9709299031671687,1.3749253515264412
0.9709495061857577,1.3757577951102917
0.9708727496969771,1.3642845509328727
0.9708727496969771,1.3646464829258513
0.9708727496969771,1.3647188693244467
0.9708727496969771,1.3776036482744818
0.9708727496969771,1.376771204690631
0.9708727496969771,1.379938109629193
0.9708727496969771,1.3797842885321772
0.9708727496969771,1.3801009790260335
0.9708727496969771,1.3797571436327039
0.9708727496969771,1.3801190756256825
0.9708727496969771,1.3802276552235762
0.9708727496969771,1.3748167719285473
0.9708727496969771,1.3752148971208236
0.9708727496969771,1.3735319133534736
0.9708727496969771,1.374254872509448
0.9708727496969771,1.3750339311243345
0.9708727496969771,1.377567455075184
0.9708727496969771,1.3783094156607898
0.9708727496969771,1.3781284496643005
0.9708727496969771,1.3892578584483901
0.9708727496969771,1.3920085415950267
0.9708727496969771,1.3947773213413124
0.9708727496969771,1.397636584085843
0.9708727496969771,1.3986771385656562
0.9708727496969771,1.401210662516506
0.9708727496969771,1.399826272643363
0.9708727496969771,1.3997900794440652
0.9708727496969771,1.400332977433533
0.9708727496969771,1.3996272100472247
0.9708727496969771,1.398930490960741
0.9708727496969771,1.3999167556416074
0.9708727496969771,1.4008577788233516
0.9708727496969771,1.400242494435288
0.9708727496969771,1.3995910168479266
0.9708727496969771,1.3996634032465225
0.9708727496969771,1.3946506451437697
0.9708727496969771,1.3938724913588658
0.9708727496969771,1.3909679871152132
0.9708727496969771,1.3887692502578686
0.9708727496969771,1.391628513002399
0.9708727496969771,1.3901445918311872
0.9708727496969771,1.3893664380462833
0.9708727496969771,1.3895112108434746
0.9708727496969771,1.3850775439294878
0.9708727496969771,1.3834850431603822
0.9708727496969771,1.3831050145677546
0.9708727496969771,1.3903436544273249
0.9708727496969771,1.387882516875071
0.9708727496969771,1.3897102734396127
